engine_id,engine_title,production_years,displacement_cc,fuel_system,power_output_hp,torque_output_nm,cylinder_block,compression_ratio,turbocharging,fuel_type,euro_standard,engine_lifespan_km,recommended_oil,manufacturer,year_start
1,Engine Audi BDW,2004-2008,2393,distributed injection,177,230,aluminum v6,10.3,no,petrol,euro 4,~280 000,5w-30,Audi,2004
2,Engine Audi AUK,2004-2010,3123,direct injection,256,330,aluminum v6,12.5,no,petrol,euro 4,~260 000,5w-30,Audi,2004
3,Engine Audi BDX,2006-2010,2773,direct injection,210,280,aluminum v6,12,no,petrol,euro 4,~250 000,5w-30,Audi,2006
4,Engine Audi CAJA,2008-2011,2995,direct injection,290,420,aluminum v6,10.5,compressor,petrol,euro 5,~250 000,5w-30,Audi,2008
5,Engine Audi CGWA,2009-2013,2995,direct injection,290,420,aluminum v6,10.5,compressor,petrol,euro 5,~240 000,5w-30,Audi,2009
6,Engine Audi CGWB,2010-2012,2995,direct injection,300,440,aluminum v6,10.5,compressor,petrol,euro 5,~260 000,5w-30,Audi,2010
7,Engine Audi CREC,since 2014,2995,mpi + fsi,333,440,aluminum v6,10.8,compressor,petrol,euro 6,~250 000,5w-30,Audi,2014
8,Engine Audi CZSE,since 2017,2995,direct injection,340,500,aluminum v6,11.2,twinscroll,petrol,euro 6,~260 000,0w-20,Audi,2017
9,Engine Audi DLZA,since 2018,2995,direct injection,340,500,aluminum v6,11.2,twinscroll,petrol,euro 6,~270 000,0w-20,Audi,2018
10,Engine Audi CWGD,since 2016,2995,direct injection,354,500,aluminum v6,11.2,twinscroll,petrol,euro 6,~250 000,0w-20,Audi,2016
11,Engine BMW N42B18,2001-2004,1796,injector,116 /5500 rpm,175 /3750 rpm,aluminum r4,10.5,no,petrol,euro 3,~250 000,5w-30,BMW,2001
12,Engine BMW M54B30,2000-2006 munich plant,2979,injector,231,300,aluminum r6,10.2,no,95,euro 3/4,~330 000,5w-30,BMW,2000
13,Engine BMW N45B16,2004-2011,1596,injector,116 /6000 rpm,150 /4300 rpm,aluminum r4,10.5,no,95,euro 4/5,~320 000,5w-30,BMW,2004
14,Engine BMW N43B20,2007-2011,1995,direct injection,,,aluminum r4,12,no,95,euro 4/5,~250 000,5w-30,BMW,2007
15,Engine BMW M44B19,1996-2001 munich plant,1895,injector,140 /6000 rpm,180 /4300 rpm,cast iron r4,10,no,petrol,euro 3,~300 000,0w-30 / 0w-40 / 5w-30 / 5w-40 / 10w-40 / 15w-50,BMW,1996
16,Engine BMW M50B20,1990-1996 munich plant,1991,injector,150,190,cast iron r6,,no,95,,~400 000,5w-30,BMW,1990
17,Engine BMW N45B20S,2006-2007,1997,injector,177 /7000 rpm,210 /4250 rpm,aluminum r4,11,no,95,euro 4,~250 000,5w-30,BMW,2006
18,Engine BMW N46B18,2004-2005 bmw plant hams hall,1796,injector,116,175,aluminum r4,10.2,no,95,euro 4,~320 000,5w-30,BMW,2004
19,Engine BMW N46B20,2004-2012 bmw plant hams hall,1995,injector,,,aluminum r4,10.5,no,95,euro 4/5,~300 000,5w-30,BMW,2004
20,Engine BMW N53B30,2007-2013,2996,direct injection,,,aluminum r6,12,no,95,euro 5,~300 000,5w-30,BMW,2007
21,Engine BMW N54B30,2006-2016,2979,direct injection,,,aluminum r6,10.2,bi-turbo,95,euro 5,~250 000,5w-30,BMW,2006
22,Engine BMW N55B30,2009-2018,2979,direct injection,,,aluminum r6,10.2,twin-scroll,95,euro 5,~300 000,5w-30,BMW,2009
23,Engine BMW N62B36,2001-2004,3600,injector,272 /6200 rpm,360 /3700 rpm,aluminum v8,10.5,no,95,euro 3/4,~300 000,5w-30,BMW,2001
24,Engine BMW N62B40,2005-2010,4000,injector,306 /6300 rpm,390 /3500 rpm,aluminum v8,10.5,no,95,euro 3/4,~310 000,5w-30,BMW,2005
25,Engine BMW N43B16,2007-2011,1599,direct injection,122 /6000 rpm,160 /4250 rpm,aluminum r4,12,no,95,euro 4/5,~240 000,5w-30,BMW,2007
26,Engine BMW N52B25,2005-2011,2497,injector,177 - 218,230 - 250,aluminum r6,11,no,95,euro 4/5,~250 000,5w-30,BMW,2005
27,Engine BMW N53B25,2007-2010,2497,direct injection,190,235 - 240,aluminum r6,12,no,95,euro 5,~275 000,5w-30,BMW,2007
28,Engine BMW S50B30,1992-1995,2990,injector,,,,,,petrol,euro 1,~400 000,5w-30 / 5w-40 / 5w-50 / 10w-40 / 15w-40,BMW,1992
29,Engine BMW S50B32,1995-2000,3201,injector,,,,11.3,,petrol,euro 2,~400 000,0w-30 / 0w-40 / 5w-30 / 5w-40 / 10w-40/ 15w-40,BMW,1995
30,Engine BMW N52B30,2004-2011,2996,injector,218 - 272,270 - 315,aluminum r6,10.7,no,95,euro 4/5,~275 000,5w-30,BMW,2004
31,Engine BMW M52B20 / M52TUB20,1994-2001 munich plant,1991,injector,150,190,aluminum r6,11,no,95,,~350 000,5w-30,BMW,1994
32,Engine BMW S62B50,1998-2003,4941,injector,400 /6600 rpm,,,11,,petrol,euro 2,~250 000,10w-60,BMW,1998
33,Engine BMW M42B18,1989-1996,1796,injector,140 /6000 rpm,175 /4500 rpm,cast iron r4,10,no,petrol,euro 2,~300 000,0w-30 / 0w-40 / 5w-30 / 5w-40 / 10w-40,BMW,1989
34,Engine BMW S63B44,2009,4395,injector,,,,,,petrol,,,,BMW,
35,Engine BMW S65B40,2007-2013,3999,injector,420 /8300 rpm,,,12,,petrol,euro 4,~200 000,10w-60,BMW,2007
36,Engine BMW S85B50,2005-2010,4999,injector,507 /7750 rpm,,,12,,petrol,euro 4,~200 000,10w-60,BMW,2005
37,Engine BMW M43B16,1993-2002 steyr plant,1596,injector,102 /5500 rpm,150 /3900 rpm,cast iron r4,9.7,no,petrol,euro 2/3,~300 000,5w-30,BMW,1993
38,Engine BMW M43B18,1992-2001 steyr plant,1796,injector,115 /5500 rpm,168 /3900 rpm,cast iron r4,9.7,no,petrol,euro 2/3,~320 000,5w-30,BMW,1992
39,Engine BMW M43B19 / M43TU,1998-2002 steyr plant,1895,injector,,,cast iron r4,9.7,no,petrol,euro 2/3,~350 000,5w-30,BMW,1998
40,Engine BMW M20B20,1977-1992,1991,carburetor/injector,,,,,,92-95,,~300 000,5w-30 / 5w-40 / 10w-30 / 10w-40 / 10w-50 / 15w-50,BMW,1977
41,Engine BMW M50B25 / M50B25TU,1990-1996 munich plant,2494,injector,192,245,cast iron r6,,no,95,,~400 000,5w-30,BMW,1990
42,Engine BMW M52B25 / M52TUB25,1995-2001 munich plant,2494,injector,170,245,aluminum r6,10.5,no,95,,~350 000,5w-30,BMW,1995
43,Engine BMW M20B25,1986-1993,2494,injector,,,,,,92-95,,~300 000,5w-30 / 5w-40 / 10w-30 / 10w-40 / 10w-50 / 15w-40 / 15w-50,BMW,1986
44,Engine BMW M60B30,1992-1996,2997,injector,218 /5800 rpm,290 /4500 rpm,aluminum v8,10.5,no,95,euro 1,~300 000,5w-30,BMW,1992
45,Engine BMW M52B28 / M52TUB28,1995-2001 munich plant,2793,injector,193,280,aluminum r6,10.2,no,95,,~350 000,5w-30,BMW,1995
46,Engine BMW S38B36,1988-1996,3535,injector,316 /6900 rpm,,,10,,petrol,,~400 000,5w-30 / 5w-40 / 10w-40 / 15w-40,BMW,1988
47,Engine BMW M30B30,1971-1994,2986,carburetor/injector,184/5800 / 188/5800 / 197/5800,,,9.0 / 9.2,,92,,~400 000,5w-30 / 5w-40 / 10w-40/ 15w-40,BMW,1971
48,Engine BMW M30B35 / M30B34,1982-1992,3430,injector,,,,,,92,,~400 000,5w-30 / 5w-40 / 10w-40/ 15w-40,BMW,1982
49,Engine BMW M40B16,1988-1994 steyr plant,1596,injector,,,cast iron r4,9,no,petrol,euro 1,~275 000,5w-30,BMW,1988
50,Engine BMW M40B18,1987-1994 steyr plant,1795,injector,113 /5500 rpm,162 /4250 rpm,cast iron r4,8.8,no,petrol,euro 1,~300 000,5w-30,BMW,1987
51,Engine BMW M54B22,2001-2006 munich plant,2171,injector,170,210,aluminum r6,10.7,no,95,euro 3/4,~300 000,5w-30,BMW,2001
52,Engine BMW M54B25,2000-2006 munich plant,2494,injector,192,245,aluminum r6,10.5,no,95,euro 3/4,~320 000,5w-30,BMW,2000
53,Engine BMW M60B40,1992-1998,3982,injector,286 /5800 rpm,400 /4500 rpm,aluminum v8,10,no,95,euro 1,~350 000,5w-30,BMW,1992
54,Engine BMW M62B35,1996-2003,3498,injector,,,aluminum v8,10,no,95,euro 2/3,~320 000,5w-30,BMW,1996
55,Engine BMW M62B44,1996-2005,4398,injector,,,aluminum v8,10,no,95,euro 2/3,~330 000,5w-30,BMW,1996
56,Engine BMW N13B16,2011-2016,1598,direct injection,,,aluminum r4,10.5,twin-scroll,98,euro 5/6,~250 000,5w-30,BMW,2011
57,Engine BMW N20B20,2011-2018,1997,direct injection,,,aluminum r4,10 &#8211; 11,twin-scroll,98,euro 5/6,~220 000,5w-30,BMW,2011
58,Engine BMW N42B20,2001-2004,1995,injector,143 /6000 rpm,200 /3750 rpm,aluminum r4,10,no,95,euro 3,~275 000,5w-30,BMW,2001
59,Engine BMW N62B44,2001-2006,4398,injector,,,aluminum v8,,no,95,euro 3/4,~320 000,5w-30,BMW,2001
60,Engine BMW N62B48,,4799,injector,,,aluminum v8,,no,95,euro 3/4,~3500 000,5w-30,BMW,
61,Engine BMW N63B44,since 2008,4395,direct injection,,,aluminum v8,,,98,,~250 000,5w-30,BMW,2008
62,Engine BMW S52B32,1995-2000,3152,injector,240 /6000 rpm,,,10.5,,petrol,euro 2,~400 000,0w-30 / 0w-40 / 5w-30 / 5w-40 / 10w-40 / 15w-40,BMW,1995
63,Engine BMW S54B32,2000-2011,3246,injector,,,,11.5,,petrol,euro 3,~400 000,10w-60,BMW,2000
64,Engine BMW M62B46,2001-2003,4619,injector,347 /5700 rpm,480 /3700 rpm,aluminum v8,10.5,no,95,euro 3,~350 000,5w-30,BMW,2001
65,Engine Jeep EJH,2011-,1598,injector,110,152,aluminum r4,11,no,95,euro 5,~250 000,5w-30,Jeep,2011
66,Engine Jeep ERH,1986-2006,3964,injector,175 - 195,300 - 320,cast iron r6,8.6 &#8211; 8.7,no,92,euro 2/3,~450 000,5w-30,Jeep,1986
67,Engine Jeep EPE,1983-1985,2464,carburetor,105,179,cast iron r4,9.2,no,92,euro 0,~300 000,5w-30,Jeep,1983
68,Engine Jeep EML,1992-2003,5899,injector,230 - 250,440 - 470,cast iron v8,8.7,no,98,euro 2,~400 000,5w-30,Jeep,1992
69,Engine Jeep ELF,1992-2002,5210,injector,210 - 230,380 - 410,cast iron v8,9.1,no,92,euro 2,~450 000,5w-30,Jeep,1992
70,Engine Jeep EVE,2008-2013,4701,injector,300 - 310,445 - 455,cast iron v8,9.8,no,95,euro 4,~250 000,5w-30,Jeep,2008
71,Engine Jeep EVC,2002-2008,4701,injector,255 - 265,420 - 450,cast iron v8,9.7,no,95,euro 3/4,~300 000,5w-30,Jeep,2002
72,Engine Jeep EVA,1998-2013,4701,injector,230 - 235,390 - 410,cast iron v8,9,no,92,euro 3/4,~350 000,5w-30,Jeep,1998
73,Engine Jeep EKG,2001-2012,3701,injector,200 - 215,305 - 320,cast iron v6,9.7,no,92,euro 3/4,~300 000,5w-30,Jeep,2001
74,Engine Jeep EXL,2005-2010,2987,common rail,218,510,cast iron v6,18,garrett gt2056v,diesel,euro 4/5,~320 000,5w-30,Jeep,2005
75,Engine Jeep ENF,2002-2005,2685,common rail,163,400,cast iron r5,18,garrett gt2256v,diesel,euro 3/4,~350 000,5w-30,Jeep,2002
76,Engine Jeep ENE,2010-2015,2143,common rail,136 - 163,320,cast iron r4,16.2,yes,diesel,euro 5,~300 000,5w-30,Jeep,2010
77,Engine Chrysler EDJ,2002-2009,2148,common rail,121 - 150,300,cast iron r4,18,ihi rhf4h,diesel,euro 3/4,~275 000,5w-30,Chrysler,2002
78,Engine Dodge ECE,2006-2011,1968,injector pump,140,310,cast iron r4,18,vgt,diesel,euro 4,~280 000,5w-30,Dodge,2006
79,Engine Chrysler ECD,2006-2011,1968,injector pump,140,310,cast iron r4,18,vgt,diesel,euro 3,~300 000,5w-30,Chrysler,2006
80,Engine Jeep EXA,1999-2001,3125,prechamber,140,385,cast iron r5,21,mhi tf035,diesel,euro 1,~300 000,5w-30,Jeep,1999
81,Engine Jeep EXF,2010-,2987,common rail,190 - 250,440 - 570,cast iron v6,16.5,garrett gt2056,diesel,euro 5/6,~300 000,5w-30,Jeep,2010
82,Engine Chrysler ENR,2000-2007,2766,common rail,150 - 163,360 - 400,cast iron r4,17.5,garrett gtb1756vk,diesel,euro 3,~320 000,5w-30,Chrysler,2000
83,Engine Jeep ENS,2006-2018,2766,common rail,160 - 200,360 - 460,cast iron r4,17.5,garrett gtb1756vk,diesel,euro 4/5,~300 000,5w-30,Jeep,2006
84,Engine Chrysler EGF,2006-2010,3518,injector,235,325,aluminum v6,10.1,no,92,euro 3,~350 000,5w-30,Chrysler,2006
85,Engine Chrysler ESF,2005-2010,6059,injector,425,570,,10.3,no,92,euro 3,~350 000,5w-30,Chrysler,2005
86,Engine Chrysler EGG,1998-2010,3518,injector,250,340,aluminum v6,10.1,no,92,euro 3,~340 000,5w-30,Chrysler,1998
87,Engine Dodge EBA,2006-2009,1798,injector,148,169,aluminum r4,10.5,no,92,euro 4,~220 000,5w-30,Dodge,2006
88,Engine Dodge ECB,1994-2005,1996,injector,132,176,cast iron r4,9.8,no,92,euro 3,~275 000,5w-30,Dodge,1994
89,Engine Dodge EDV,2002-2009,2429,injector,215 - 235,330 - 340,cast iron r4,8.1,mhi td04lr,95,euro 3/4,~200 000,5w-30,Dodge,2002
90,Engine Dodge EGS,2006-2011,3952,injector,260,360,aluminum v6,10.3,no,92,euro 3,~310 000,5w-30,Dodge,2006
91,Engine Jeep EHB,2013-,3239,injector,275,325,aluminum v6,10.7,no,95,euro 5,~320 000,5w-30,Jeep,2013
92,Engine Dodge ECN,2006-2016,1998,injector,158,191,aluminum r4,10.5,no,92,euro 4,~250 000,5w-30,Dodge,2006
93,Engine Chrysler EGE,1992-1997,3518,injector,215,300,cast iron v6,10.4,no,92,euro 2,~300 000,5w-30,Chrysler,1992
94,Engine Dodge ED4,2007-2009,2360,injector,285,359,aluminum r4,8.6,mhi td04,95,euro 4,~230 000,5w-30,Dodge,2007
95,Engine Chrysler EDT,2002-2009,2429,injector,182,285,cast iron r4,8.1,yes,92,euro 3/4,~220 000,5w-30,Chrysler,2002
96,Engine Dodge EGW,1997-2001,3231,injector,225,305,aluminum v6,10.1,no,92,euro 3,~320 000,5w-30,Dodge,1997
97,Engine Chrysler EDZ,1995-2010,2429,injector,137 - 152,210 - 230,cast iron r4,9.4 &#8211; 9.5,no,92,euro 3/4,~500 000,"5w-30, 5w-40",Chrysler,1995
98,Engine Jeep ED6,2012-,2360,injector,175 - 185,230 - 245,aluminum r4,10,no,95,euro 5/6,~250 000,5w-20,Jeep,2012
99,Engine Dodge EZA,2003-2009,5654,injector,335 - 345,500 - 510,,9.5,no,92,euro 2,~400 000,5w-30,Dodge,2003
100,Engine Dodge ECH,1999-2004,1996,injector,150,183,cast iron r4,9.8,no,92,euro 3,~260 000,5w-30,Dodge,1999
101,Engine Chrysler ENJ,2000-2007,2499,common rail,141,340,cast iron r4,17.5,ihi rhf4h,diesel,euro 3,~300 000,5w-30,Chrysler,2000
102,Engine Dodge EZH,2008-,5654,injector,355 - 395,525 - 555,,10.3,no,92,euro 4,~350 000,5w-30,Dodge,2008
103,Engine Chrysler EGA,1989 &#8211; 2000,3301,injector,150 - 162,245 - 275,cast iron v6,8.9,no,92,euro 2/3,~400 000,5w-30,Chrysler,1989
104,Engine Chrysler EGN,2003 &#8211; 2006,3518,injector,253,340,aluminum v6,10.1,no,92,euro 3,~320 000,5w-30,Chrysler,2003
105,Engine Jeep EHD,2014-,2997,injector,235,295,aluminum v6,10.2,no,95,euro 5,~300 000,5w-30,Jeep,2014
106,Engine Chrysler ECC,1994-2005,1996,injector,140 - 150,175 - 185,cast iron r4,9.6,no,92,euro 3,~270 000,5w-30,Chrysler,1994
107,Engine Chrysler EJD,2000-2010,1598,injector,116,157,cast iron r4,10.5,no,92,euro 3,~300 000,5w-30,Chrysler,2000
108,Engine Chrysler EER,1997-2010,2736,injector,190 - 205,255 - 265,aluminum v6,9.7 &#8211; 9.9,no,92,euro 3/4,~330 000,5w-30,Chrysler,1997
109,Engine Dodge EGH,1990 &#8211; 2000,3778,injector,150 - 180,290 - 325,cast iron v6,9,no,92,euro 2/3,~420 000,5w-30,Dodge,1990
110,Engine Chrysler EBD,1994-1999,1796,injector,115,152,cast iron r4,10,no,92,euro 3,~250 000,5w-30,Chrysler,1994
111,Engine Jeep ENC,1991-2001,2499,prechamber,112 - 118,260 - 280,cast iron r4,21,ihi va59a &#8211; va63a,diesel,euro 1,~250 000,5w-30,Jeep,1991
112,Engine Dodge ESG,2010-,6407,injector,470 - 485,635 - 645,,10.9,no,92,euro 4,~380 000,5w-30,Dodge,2010
113,Engine Dodge ED3,2006-,2360,injector,170 - 175,220 - 225,aluminum r4,10.5,no,92,euro 4,~260 000,5w-30,Dodge,2006
114,Engine Chrysler EGQ,2006-2010,3952,injector,250 - 255,350 - 355,aluminum v6,10.3,no,92,euro 3,~330 000,5w-30,Chrysler,2006
115,Engine Chrysler EZB,2004-2008,5654,injector,325 - 345,500 - 530,,9.6,no,92,euro 3,~375 000,5w-20,Chrysler,2004
116,Engine Chrysler ERB,2010-,3604,injector,280 - 310,345 - 365,aluminum v6,10.2,no,95,euro 4,~330 000,5w-30,Chrysler,2010
117,Engine Mercedes OM646,,,direct injection,,,,18.0:1,,diesel,,,,Mercedes,
118,Engine Mercedes OM906LA,,,,,,,17.4: 1,,diesel,,,,Mercedes,
119,Engine Mercedes OM460LA,,12816,direct injection,435/1650,,,18,,diesel,euro 5,,,Mercedes,
120,Engine Mercedes OM926LA,1998,7201,direct injection,299-326,,,,,diesel,euro 4,,,Mercedes,
121,Engine Mercedes OM651,2008,,direct injection,,,,16.2,,diesel,euro 6,,,Mercedes,
122,Engine Mercedes OM470,2003,10700,direct injection,,,,18.5,,diesel,euro 6,,,Mercedes,
123,Engine Mercedes OM314,1964,,inline injection pump,,,,,,diesel,,,,Mercedes,
124,Engine Mercedes OM352,1964-01-01 00:00:00,5675,direct injection,,,,,,diesel,,,,Mercedes,
125,Engine Mercedes OM642,2005-03-01 00:00:00,2987,direct fuel injection common rail 3,,,,18.0:1,,diesel,euro-4,,,Mercedes,
126,Engine Mercedes OM364,1986-04-01 00:00:00,3972,inline injection pump,,,,,,diesel,,,,Mercedes,
127,Engine Mercedes OM442,1987,,inline injection pump,,,,16.9:1,,diesel,,,,Mercedes,
128,Engine Mercedes OM471,2011,12800,direct injection,422-530/1800,,,18.3:1,,diesel,euro 6,,,Mercedes,
129,Engine Mercedes OM402,1990-12-01 00:00:00,12763,inline injection pump,,,,,,diesel,euro 1,,,Mercedes,
130,Engine Mercedes OM636,1949,1697-1767,split combustion engine,,,,,,diesel,,,,Mercedes,
131,Engine Mercedes OM421,10.1981,10964,inline injection pump,,,,,,diesel,,,,Mercedes,
132,Engine Mercedes OM403,1974-05-01 00:00:00,15900,inline injection pump,,,,,,diesel,,,,Mercedes,
133,Engine Mercedes OM443,1987-88,18273,diesel direct injection,,,,16.9:1,,diesel,euro 2,,,Mercedes,1987
134,Engine Mercedes OM924LA,2004-10-01 00:00:00,4801,,,,,,,diesel,euro 3,,,Mercedes,
135,Engine Mercedes OM401,1975,9572,direct injection,313/2000,,,16.75:1,,diesel,euro ii,,,Mercedes,
136,Engine Mercedes OM427,,11970,direct injection,,,,"16,25:1",,diesel,,,,Mercedes,
137,Engine Mercedes OM362,2.1983,5700,inline injection pump,,,,,,diesel,,,,Mercedes,
631,Engine Volvo D12A340,1993-08-01 00:00:00,12100,direct injection,,,,,,diesel,,,,Volvo,
638,Engine DAF RS 222,,8650,inline injection pump,,,,,,diesel,,,,DAF,
640,Engine YaMZ-7601,,,,,,,"16,5",,,,,,YaMZ-,
643,Engine DAF RS 200,,8650,inline injection pump,,,,,,diesel,,,,DAF,
138,Engine Mercedes OM447,,,,,,,16.25:1,,,,,,Mercedes,
139,Engine Mercedes OM446,1987,14618,,381 - 530,,,,,diesel,euro-1,,,Mercedes,
140,Engine Mercedes OM936,,7698,direct injection,,,,,,diesel,euro 6,,,Mercedes,
141,Engine Mercedes OM441,,10964,inline injection pump,,,,,,diesel,,,,Mercedes,
142,Engine Mercedes OM424,,,,,,,,,,,,,Mercedes,
143,Engine Mercedes OM326,1.1961,10809,,,,,,,diesel,,,,Mercedes,
144,Engine Mercedes OM346,1.1964,10809,direct injection,,,,,,diesel,,,,Mercedes,
145,Engine Mercedes OM611,,2151 | 2148,,,,,22 and 18-19 (turbo),,diesel,,,,Mercedes,
146,Engine Mercedes OM601,1988-10-01 00:00:00,2299,inline injection pump,,,,,,diesel,,,,Mercedes,
147,Engine Mercedes OM617,,,precombustion chamber injection,,,cast iron r5,21,no,diesel,euro 0,,6.5 liters 5w-40,Mercedes,
148,Engine Mercedes OM628,,,common rail,,,"v8, aluminum",18.5,two gt1749v,diesel,euro 4,,10.5 liters 5w-30,Mercedes,
149,Engine Mercedes OM648,,3222,,,,,18,,diesel fuel,,,,Mercedes,
150,Engine Mercedes OM647,,2685,,,,,18,,diesel fuel,,,,Mercedes,
151,Engine Mercedes OM622,,1598,,,,,15.4:1,,diesel fuel,,,,Mercedes,
152,Engine Mercedes OM613,,3226,,,470,,,,diesel fuel,,,,Mercedes,
153,Engine Mercedes M271 E18 ML/AL,2002,1796,injector,122-192/5200-5800,,,9-10.5,,95,euro 5,,0w-30 / 0w-40 / 5w-30 / 5w-40,Mercedes,
154,Engine Mercedes OM501LA,,11946,,313-428,,,,,,euro 3,,,Mercedes,
155,Engine Mercedes OM457LA,,11967,direct injection,,,,18.5,,diesel,euro 5,,,Mercedes,
349,Engine Opel Z18XER,2005-2010,1796,distributed injection,140,175,cast iron r4,10.5,no,95,euro 4,~350 000,5w-30 / 5w-40 / 0w-30 / 0w-40,Opel,2005
156,Engine Mercedes OM502LA,,15928,direct injection,510-598,,,,,diesel,"euro 4, euro 5",,,Mercedes,
157,Engine Mercedes OM904LA,,4249,,,,,17.4 to 1,,,,,,Mercedes,
158,Engine Mercedes OM366LA,,5958,,,,,,,,,,,Mercedes,
159,Engine Mercedes OM422,,14618,,151-375,,,"16,9:1",,,euro 2,,,Mercedes,
160,Engine Mercedes OM603,,2996,,,,,22,,diesel fuel,,,,Mercedes,
161,Engine Mercedes OM616,,,,,,,21:1,,,,,,Mercedes,
162,Engine Mercedes OM640,,1991,direct injection,82-109/2600,,,18:1,,diesel,euro 4,,,Mercedes,
163,Engine Mercedes OM602,,2497,,,,,22:1,,diesel fuel,,,,Mercedes,
164,Engine Mercedes OM606,,2996,,,,,22,,diesel fuel,,,,Mercedes,
165,Engine Mercedes OM629,,3996,,,700-730,,,,diesel fuel,euro 4,,,Mercedes,
166,Engine Mercedes OM607,,1461,direct injection,,,,15.5,,diesel,euro 5,,,Mercedes,
167,Engine Mercedes OM668,,1689,,,,,,,diesel fuel,,,,Mercedes,
168,Engine Mercedes OM612,,,common rail,,,cast iron r5,18:1,yes,diesel,euro 3/4,,7.5 liters 5w-30,Mercedes,
169,Engine Mercedes OM605,,2497,,,,,22:1,,diesel fuel,,,,Mercedes,
585,Engine DAF GR220,2006-03-01 00:00:00,6691,direct injection,,1100 at 1200-1900 rpm,,,,diesel,euro 4,,,DAF,
170,Engine Mercedes OM604,,2155,direct injection,74-94/5000,,,22,,diesel,euro 2/3,,,Mercedes,
171,Engine Mercedes OM615,,,,,,,,,diesel fuel,,,,Mercedes,
172,Engine Mercedes M104 E32,1991-1998,3199,injector,220-231/5500-5800,,,9.2 / 10,,95,,,0w-30 / 0w-40 / 5w-30 / 5w-40 / 5w-50 / 10w-40 / 10w-50 / 15w-40 / 15w-50,Mercedes,1991
173,Engine Mercedes M103 E26,1985-1993,2599,injector,160/5800 / 166/5800,,,9.2,,95,—,,0w-30 / 0w-40 / 5w-30 / 5w-40 / 5w-50 / 10w-40 / 10w-50 / 15w-40 / 15w-50,Mercedes,1985
174,Engine Mercedes-Benz M102,,,,,,,9,,92,up to euro 1,,0w-30 / 0w-40 / 5w-30 / 5w-40 / 10w-40 / 15w-40,Mercedes-Benz,
175,Engine Mercedes M112 E26,2000-2006,2597,injector,,,,11,,95,euro 4,,0w-30 / 0w-40 / 5w-30 / 5w-40 / 5w-50 / 10w-40 / 10w-50 / 15w-40 / 15w-50,Mercedes,2000
176,Engine Mercedes M272 KE25,2005-2011,2496,injector,204/6200,,,11.2,,95,euro 5,,0w-30 / 0w-40 / 5w-30 / 5w-40,Mercedes,2005
177,Engine Mercedes M272 KE30,2004-2013,2996,injector,231/6000,,,11.3,,95,euro 5,,0w-30 / 0w-40 / 5w-30 / 5w-40,Mercedes,2004
178,Engine Mercedes M272 KE/DE 35,2004-2013,3498,injector,,,,,,95,euro 6,,0w-30 / 0w-40 / 5w-30 / 5w-40,Mercedes,2004
179,Engine Mercedes M273 E55/E46,,4663,,340/6000,,,,,,,,,Mercedes,
180,Engine Mercedes M113 E50,1998-2011,4966,injector,,,,10,,95,euro 4,,0w-30 / 0w-40 / 5w-30 / 5w-40 / 5w-50 / 10w-40 / 10w-50 / 15w-40 / 15w-50,Mercedes,1998
181,Engine Mercedes M119 E50,1989-1998,4973,injector,,,,,,95,euro 1,,0w-30 / 0w-40 / 5w-30 / 5w-40 / 5w-50 / 10w-40 / 10w-50 / 15w-40 / 15w-50,Mercedes,1989
182,Engine Mercedes M271 E16 ML,2008-2011,1597,injector,129-156/5000-5200,,,10.3,,95,euro 5,,0w-30 / 0w-40 / 5w-30 / 5w-40,Mercedes,2008
587,Engine Volvo D4A140,,4000,,,,,,,diesel,euro 2,,,Volvo,
318,Engine Honda J37A,2006-2014,3664,injector,295 - 305,365 - 375,aluminum v6,11.0 &#8211; 11.2,no,95,euro 4/5,~320 000,5w-30,Honda,2006
183,Engine Mercedes M113 E43,1997-2005,4266,injector,,,,10,,95,euro 4,,0w-30 / 0w-40 / 5w-30 / 5w-40 / 5w-50 / 10w-40 / 10w-50 / 15w-40 / 15w-50,Mercedes,1997
184,Engine Mercedes M103 E30,1985-1993,2962,injector,180-190/5700,,,,,95,—,,0w-30 / 0w-40 / 5w-30 / 5w-40 / 5w-50 / 10w-40 / 10w-50 / 15w-40 / 15w-50,Mercedes,1985
185,Engine Mercedes M104 E28,1992-1998,2799,injector,,,,,,95,—,,0w-30 / 0w-40 / 5w-30 / 5w-40 / 5w-50 / 10w-40 / 10w-50 / 15w-40 / 15w-50,Mercedes,1992
186,Engine Mercedes M104 E30,1989-1993,2960,injector,,,,10,,95,—,,0w-30 / 0w-40 / 5w-30 / 5w-40 / 5w-50 / 10w-40 / 10w-50 / 15w-40 / 15w-50,Mercedes,1989
187,Engine Mercedes M111 E18,1993-2000,1799,injector,122/5500,,,9.8,,95,euro 3,,0w-30 / 0w-40 / 5w-30 / 5w-40 / 10w-40 / 15w-40,Mercedes,1993
188,Engine Mercedes M112 E24,1997-2000,2398,injector,170/5900,,,10,,95,euro 3,,0w-30 / 0w-40 / 5w-30 / 5w-40 / 5w-50 / 10w-40 / 10w-50 / 15w-40 / 15w-50,Mercedes,1997
189,Engine Mercedes M111 E20/E20 ML,1992-2004,1998,injector,,,,,,95,,,0w-30 / 0w-40 / 5w-30 / 5w-40 / 10w-40 / 15w-40,Mercedes,1992
190,Engine Mercedes M119 E42,1991-1998,4196,injector,,,,,,95,euro 1,,0w-30 / 0w-40 / 5w-30 / 5w-40 / 5w-50 / 10w-40 / 10w-50 / 15w-40 / 15w-50,Mercedes,1991
191,Engine Mercedes M112 E28,1997-2005,2799,injector,,,,10,,95,euro 4,,0w-30 / 0w-40 / 5w-30 / 5w-40 / 5w-50 / 10w-40 / 10w-50 / 15w-40 / 15w-50,Mercedes,1997
192,Engine Mercedes M111 E23/E23 ML,1995,2295,injector,,,,,,95,,,0w-30 / 0w-40 / 5w-30 / 5w-40 / 10w-40 / 15w-40,Mercedes,
193,Engine Mercedes M112 E37,2002-2008,3724,injector,,,,10,,95,euro 4,,0w-30 / 0w-40 / 5w-30 / 5w-40 / 5w-50 / 10w-40 / 10w-50 / 15w-40 / 15w-50,Mercedes,2002
194,Engine Mercedes M112 E32,1997,3199,injector,,,,10,,95,euro 4,,0w-30 / 0w-40 / 5w-30 / 5w-40 / 5w-50 / 10w-40 / 10w-50 / 15w-40 / 15w-50,Mercedes,
195,Engine Mercedes OM639,,1493,,68-95,,,18:1,,,euro 4,,,Mercedes,
196,Engine Mercedes OM660,,,,,,,18:1,,diesel,,,,Mercedes,
197,Engine Mercedes OM621,,1990,,,,,21:1,,diesel fuel,,,,Mercedes,
198,Engine Mercedes OM661,,2152-2299,,,,,21:1,,diesel fuel,,,,Mercedes,
199,Engine Mercedes OM626,,1598,,,,,15.7,,diesel fuel,,,,Mercedes,
200,Engine Toyota 1VD-FTV,since 2007,4461,common rail,,,cast iron v8,16.8,,diesel,,~500 000,"0w-30, 5w-30",Toyota,2007
201,Engine Toyota 1KZ,1992-2003,2982,direct injection,,,cast iron r4,21.2,toyota ct12b,diesel,,~350 000,"5w-30, 5w-40, 10w-30, 10w-40, 15w-40",Toyota,1992
202,Engine Toyota 1KD-FTV,since 2000,2982,common rail denso,,,cast iron r4,17.9,vgt,diesel,euro 2/3/4,~400 000,"0w-30 (since 10.2010), 5w-30, 10w-30, 15w-40, 20w-50",Toyota,2000
203,Engine Toyota 1HZ,since 1990,4164,vortex chamber idi,129 - 131,271 - 290,cast iron r6,,no,diesel,euro 1,~600 000,,Toyota,1990
204,Engine Toyota 1HD,1989-2007,4164,,,,,,,diesel,,,,Toyota,1989
205,Engine Toyota 7A-FE,1993-2002,1762,injector,,,cast iron r4,9.5,no,92,euro 2,~300 000,5w-30 / 10w-30 / 15w-40 / 20w-50,Toyota,1993
206,Engine Toyota 5VZ-FE,1995-2004,3378,mpi,190,298,cast iron v6,9.6,no,92,euro 1/2,~400 000,5w-30,Toyota,1995
207,Engine Toyota 5S-FE,1989-2001,2164,injector,130 - 140,195 - 205,cast iron r4,9.5,no,92,euro 2/3,~500 000,"5w-30, 5w-40",Toyota,1989
208,Engine Toyota 5A-FE,1988-2003,1498,injector,95 - 105,125 - 135,cast iron r4,9.8,no,92,euro 2,~300 000,"5w-30, 5w-40",Toyota,1988
209,Engine Toyota 2NZ-FE,since 1999,1298,injector mpi,80 - 90,120 - 125,aluminum r4,10.5,no,92,euro 2/3/4,~250 000,5w-30,Toyota,1999
210,Engine Toyota 1AZ-FE,2000-2014,1998,distributed injection,134 - 152,190 - 194,aluminum r4,9.5 &#8211; 9.8,no,92,euro 3/4,~400 000,"0w-30, 5w-30",Toyota,2000
211,Engine Toyota 4ZZ-FE,1999-2009,1398,mpi,95,130,aluminum r4,10.5,no,92,euro 2/3/4,~200 000,5w-30,Toyota,1999
212,Engine Toyota 4S,,1838,,,,cast iron r4,,no,92,,~350 000,"5w-30, 5w-40",Toyota,
213,Engine Toyota 4A-FE,1987-2002,1587,injector,100 - 115,135 - 150,cast iron r4,9.5,no,92,euro 2,~300 000,"5w-30, 5w-40",Toyota,1987
214,Engine Toyota 3ZZ-FE,1997-2009,1598,mpi,110,150,aluminum r4,10.5,no,92,euro 2/3/4,~200 000,5w-30,Toyota,1997
215,Engine Toyota 3ZR-FE,since 2007,1986,mpi,140 - 150,190 - 200,aluminum r4,10,no,92,euro 4/5,~250 000,5w-20,Toyota,2007
216,Engine Toyota 3S-FE,1986-2003,1998,injector,115 - 140,165 - 185,cast iron r4,9.8,,92,euro 2,~500 000,"5w-30, 5w-40",Toyota,1986
217,Engine Toyota 3RZ-FE,1994-2004,2693,injector mpi,145 - 150,230 - 240,cast iron r4,9.5 &#8211; 10,no,92,euro 2/3,~500 000,5w-30,Toyota,1994
218,Engine Toyota 2TR-FE,since 2004,2693,mpi,,240 - 245,cast iron r4,,no,,,~400 000,5w-20,Toyota,2004
219,Engine Toyota 1JZ-GE,1990-2007,2492,injector,,,cast iron r6,,no,,,~500 000,"5w-30, 5w-40",Toyota,1990
220,Engine Toyota 1NZ-FE,since 1999,1497,injector,105 - 115,130 - 145,aluminum r4,10.5 &#8211; 11.0,no,95,euro 3/4,~200 000,"5w-20, 5w-30",Toyota,1999
221,Engine Toyota 3UZ-FE,2000-2013,4292,injector,280 - 305,420 - 440,aluminum v8,10.5,no,95,euro 3,~500 000,"5w-30, 5w-40",Toyota,2000
222,Engine Toyota 1G,1979-2006,1988,injector,,,,,,92-95,up to euro 3,"from 300,000 to 400,000 depending on modification",0w-30 / 5w-30 / 5w-40 / 10w-30 / 10w-40 / 10w-50 / 15w-50,Toyota,1979
223,Engine Toyota 1GR-FE,since 2002,3956,distributed injection,,,aluminum v6,,no,92,,~500 000,"5w-20, 5w-30",Toyota,2002
224,Engine Toyota 1MZ-FE,1993-2008,2994,injector mpi,,,aluminum v6,10.5,no,,,~450 000,5w-30,Toyota,1993
225,Engine Toyota 2AZ-FE,2000-2019,2362,injector,145 - 170,215 - 225,aluminum r4,9.6 &#8211; 9.8,no,92,euro 3/4,~350 000,"5w-20, 5w-30",Toyota,2000
226,Engine Toyota 2GR-FE,since 2004,3456,distributed injection,250 - 280,330 - 350,aluminum v6,10.8,no,95,euro 4/5,~400 000,"5w-20, 5w-30",Toyota,2004
227,Engine Toyota 2JZ-GE,1991-2007,2997,injector,215 - 230,280 - 305,cast iron r6,10.5,no,92-95,euro 2/3,~500 000,"5w-30, 5w-40",Toyota,1991
228,Engine Toyota 2AR-FE,since 2008,2494,injector mpi,169 - 181,225 - 235,aluminum r4,10.4,no,92,euro 3/4/5,~300 000,5w-30,Toyota,2008
229,Engine Toyota 1FZ,1984-2009,4477,,,,cast iron r6,,no,petrol,,~400 000,5w-30,Toyota,1984
230,Engine Toyota 1UZ-FE,1989-2004,3968,injector,,,aluminum v8,,no,92,,~500 000,"5w-30, 5w-40",Toyota,1989
231,Engine Toyota 2UZ-FE,1998-2012,4663,mpi,,,cast iron v8,,no,95,,~500 000,5w-30,Toyota,1998
232,Engine Toyota 3VZ-FE,1991-1996,2958,mpi,185,256,cast iron v6,9.6,no,92,euro 1/2,~250 000,5w-30,Toyota,1991
233,Engine Toyota 4GR-FSE,2003-2020,2499,direct injection,205 - 215,243 - 260,aluminum v6,12,no,95,euro 4/5,~400 000,"5w-20, 5w-30",Toyota,2003
234,Engine Toyota 2ZR-FE,since 2006,1798,mpi,130 - 140,170 - 175,aluminum r4,10,no,95,euro 4/5,~250 000,5w-20,Toyota,2006
235,Engine Toyota 3GR-FE,2003-2017,2994,distributed injection,230,300,aluminum v6,10.5,no,95,euro 4/5,~300 000,5w-30,Toyota,2003
236,Engine Toyota 2ZZ-GE,1999-2011,1796,mpi injector,,,aluminum r4,11.5,,95,euro 3/4,~200 000,5w-30,Toyota,1999
237,Engine Toyota 1ZR-FE,since 2006,1598,injector,120 - 125,150 - 160,aluminum r4,10.2,no,92,euro 4/5,~300 000,"5w-20, 5w-30",Toyota,2006
238,Engine Toyota 1ZZ,1997-2009,1794,injector,,,aluminum r4,10,no,92,euro 3/4,~200 000,"5w-20, 5w-30",Toyota,1997
239,Engine Toyota 1AR-FE,since 2008,2672,injector mpi,180 - 190,245 - 255,aluminum r4,10,no,92,euro 3/4/5,~300 000,5w-30,Toyota,2008
240,Engine Nissan ZD30,,2953,neo-di direct injection,,,,,,diesel,euro 3/4,,5w-30,Nissan,
241,Engine Nissan YD25,,,direct injection neo-di,,,,17.5,garrett gt1749v,diesel,euro 3/4,,6.9 liters 5w-30,Nissan,
242,Engine Renault K7J,1997-2016,1390,injector,75,114,cast iron r4,9.5,no,petrol,euro 2/3/4,~400 000,"5w-30, 5w-40",Renault,1997
243,Engine Renault F4R,since 1998,1998,injector,,,cast iron r4,,no,petrol,,~350 000,"5w-30, 5w-40",Renault,1998
244,Engine Nissan GA16DE (GA16S/DS),1990-2002,1597,injector,,,cast iron r4,,no,92,euro 2/3,~320 000,5w-30,Nissan,1990
245,Engine Nissan HR16DE,2005-,1598,injector,,,,10.7,,95,euro 4/5,~300 000,0w-30 / 0w-40 / 5w-30 / 5w-40 / 10w-30 / 10w-40 / 10w-60 / 15w-40,Nissan,2005
246,Engine Nissan KA24DE,1988-2004,2389,injector,140 - 155,,,9.2 &#8211; 9.5,,92,euro 2/3,~350 000,5w-30 / 5w-40 / 10w-30 / 10w-40,Nissan,1988
247,Engine Nissan QG15DE,1999-20013,1497,distributed injection,,,cast iron r4,,no,95,,~220 000,5w-30,Nissan,1999
248,Engine Nissan QG16DE,2000-2013,1597,distributed injection,100 - 120,145 - 165,cast iron r4,9.5 &#8211; 9.8,no,95,euro 3/4,~250 000,5w-30,Nissan,2000
249,Engine Nissan RB20,1984-2002,1998,injector,,,,,,95,euro 2/3,~400 000,0w-30 / 5w-30 / 5w-40 / 10w-30 / 10w-40,Nissan,1984
250,Engine Nissan RB25,,2498,distributed injection,,,cast iron r6,,,92,euro 2/3,~400 000,5w-30,Nissan,
251,Engine Nissan RB26DETT,1989-2002,2568,distributed injection,,,,8.5,,98,euro 2/3,~320 000,5w-30 / 5w-40 / 10w-30 / 10w-40,Nissan,1989
252,Engine Renault K4M,since 1998,1598,injector,,,cast iron r4,,,petrol,euro 4/5,~400 000,"5w-30, 5w-40",Renault,1998
253,Engine Nissan VQ40DE,2005,3954,injector,,,,9.7,,95,euro 3/4,~500 000,5w-30 / 5w-40 / 10w-30 / 10w-40,Nissan,
254,Engine Nissan SR16VE,1997-2000,1596,distributed injection,,,aluminum r4,,no,95,euro 3/4,~320 000,5w-30,Nissan,1997
255,Engine Nissan QR20DE,2000-2012,1998,distributed injection,147/6000,,,9.9,,95,euro 3/4,~300 000,0w-30 / 5w-20 / 5w-30 / 5w-40 / 10w-30 / 10w-40 / 10w-60 / 15w-40 / 20w-20,Nissan,2000
256,Engine Nissan SR18DE,1989-2001,1838,distributed injection,,,,,,95,euro 2/3,~380 000,5w-30 / 5w-40 / 10w-30 / 10w-40,Nissan,1989
257,Engine Nissan SR20DE,1989-2002,1998,distributed injection,130 - 165,170 - 195,aluminum r4,9.5 &#8211; 10,no,92,euro 2/3,~400 000,"5w-30, 5w-40",Nissan,1989
258,Engine Nissan MR20DE,2005-2020,1997,injector,,,,10.2,,95,euro 4,~350 000,0w-30 / 5w-30 / 5w-40 / 10w-30 / 10w-40 / 10w-60 / 15w-40,Nissan,2005
259,Engine Nissan QG18DE,1998-2006,1769,distributed injection,115 - 128,158 - 175,cast iron r4,9.5 &#8211; 10,no,95,euro 3/4,~250 000,5w-30,Nissan,1998
260,Engine Nissan VR38DETT,,3799,distributed injection,480 - 720,580 - 780,,9,two ihi rhf55,98,euro 5/6,~200 000,0w-40 / 10w-40,Nissan,
261,Engine Nissan GA15DE (S/E/DS),1987-2000,,carburetor / injector,,,,9.2 &#8211; 9.9,,95,euro 1/2,~300 000,,Nissan,1987
262,Engine Nissan VQ37VHR,2007,3696,injector,,,,11,,95,euro 4/5,~250 000,0w-30 / 0w-40 / 5w-30 / 5w-40 / 10w-30 / 10w-40 / 15w-40,Nissan,
263,Engine Renault K9K,since 2001,1461,common rail,,,cast iron r4,,yes,diesel,,~400 000,"5w-30, 5w-40",Renault,2001
264,Engine Nissan VK45DE / VK45DD,2001-2010,4494,injector,,,,,,95,euro 3/4,~400 000,0w-30 / 5w-30 / 5w-40 / 10w-30 / 10w-40,Nissan,2001
265,Engine Nissan VQ30DE,1994-2007,2987,distributed injection,,,aluminum v6,10,no,95,,~350 000,5w-30,Nissan,1994
266,Engine Nissan VQ35DE,,3498,injector,215 - 305,315 - 375,aluminum v6,10.3,no,92,euro 4/5,~400 000,"5w-30, 5w-40",Nissan,
267,Engine Nissan QR25DE,2000-,2488,distributed injection,,,,,,95,euro 3/4,~300 000,,Nissan,2000
268,Engine Nissan VH41DE,1991-2001,4130,distributed injection,,,,10.5,,95,euro 3/4,~400 000,5w-30 / 5w-40 / 10w-30 / 10w-40,Nissan,1991
269,Engine Nissan VH45DE,1989-2002,4494,injector,278/6000,,,10.2,,95,euro 3/4,~350 000,5w-30 / 5w-40 / 10w-30 / 10w-40,Nissan,1989
270,Engine Nissan VK56DE / VK56VD,2003-2015,5552,,,,,,,95,,~400 000,5w-30 / 5w-40 / 10w-30 / 10w-40,Nissan,2003
271,Engine Hyundai D6CA,2014,12920,,440 (1800 rpm),,,17.0:1,,,,,,Hyundai,
272,Engine Hyundai D6BR,2000,7545,direct injection,198/2900,,,17.5,,diesel,euro 4,,,Hyundai,
273,Engine Hyundai D8AY,,16031,direct injection,320/2200,,,17,,diesel,euro 2,,,Hyundai,
274,Engine Hyundai D6CC,,12344,direct injection,410/1800,,,17.2,,diesel,euro 4,,,Hyundai,
292,Engine Mitsubishi 4G64,since 1985,2351,,,,cast iron r4,,no,,,~330 000,5w-30,Mitsubishi,1985
371,Engine Ford JXFA,2006-2014,2402,common rail,115,310,cast iron r4,17.5,yes,diesel,euro 4,~350 000,5w-30,Ford,2006
275,Engine Hyundai D6AB,,11149,direct injection,290-310/2000,,,17,,diesel,euro 2,,,Hyundai,
276,Engine Hyundai D4AF,,3568,,100,,,,,,,,,Hyundai,
277,Engine Hyundai D6DA,,6606,direct injection,196-225/2500,,,17.6,,diesel,euro 3,,,Hyundai,
278,Engine Hyundai D4AL,,3298,,115-120,,,,,,euro 2,,,Hyundai,
279,Engine Hyundai D8AB,,17787,direct injection,355/2200,,,,,diesel,euro 2,,,Hyundai,
280,Engine Hyundai D6AV,,11149,direct injection,235/2200,,,17,,diesel,euro 2,,,Hyundai,
281,Engine Hyundai D6CB,,12344,,380-410,,,17.0:1,,,euro 3,,,Hyundai,
282,Engine Mitsubishi 4A30,1993-2012,659,,,,cast iron r4,,,92,,~200 000,,Mitsubishi,1993
283,Engine Mitsubishi 4G93,1991-2014,1834,,,,cast iron r4,,,,,~350 000,5w-30,Mitsubishi,1991
284,Engine Mitsubishi 4G92,1991-2006,1597,injector,,,cast iron r4,,no,92,euro 2/3,~270 000,5w-30,Mitsubishi,1991
285,Engine Mitsubishi 4G94,1999-2007,1999,,,,cast iron r4,,no,,,~300 000,5w-30,Mitsubishi,1999
286,Engine Mitsubishi 6G74,1992-2021,3497,,,,cast iron v6,,no,,,~400 000,"5w-30, 5w-40",Mitsubishi,1992
287,Engine Mitsubishi 6G75,2002-2021,3828,,,,cast iron v6,,no,,,~400 000,"5w-30, 5w-40",Mitsubishi,2002
288,Engine Mitsubishi 4M40,1992-2003,2835,vortex chamber,,,cast iron r4,21,,diesel,,~400 000,5w-40,Mitsubishi,1992
289,Engine Mitsubishi 4B11T,2007-2016,1998,distributed injection,240 - 446,340 - 560,aluminum r4,9,,95,euro 4/5,~300 000,"5w-30, 5w-40",Mitsubishi,2007
290,Engine Mitsubishi 4D56,1986-2016,2477,,,,cast iron r4,,,diesel,,~400 000,"5w-30, 5w-40",Mitsubishi,1986
291,Engine Mitsubishi 4G63,since 1981,1997,,,,cast iron r4,,"no (except for <a href=""https://mymotorlist.com/engines/mitsubishi/4g63t/"">4g63t</a>, for which a se",92,,~400 000,5w-30,Mitsubishi,1981
293,Engine Mitsubishi 4B12,since 2006,2359,distributed injection,165 - 170,222 - 232,aluminum r4,10.5,no,petrol,euro 4/5,~350 000,"5w-30, 5w-40",Mitsubishi,2006
294,Engine Mitsubishi 6G73,1990-2002,2497,,,,cast iron v6,,no,,,~400 000,"5w-30, 5w-40",Mitsubishi,1990
295,Engine Mitsubishi 6G72,1986-2008,2972,,,,cast iron v6,,"no (except for <a href=""https://mymotorlist.com/engines/mitsubishi/6g72tt/"">6g72tt</a>, for which a",,,~400 000,"5w-30, 5w-40",Mitsubishi,1986
296,Engine Mitsubishi 4G15,1985-2012,1468,,,,cast iron r4,,,,,~300 000,"5w-30, 5w-40",Mitsubishi,1985
297,Engine Mitsubishi 4G18,1998-2012,1584,distributed injection,98 - 112,145 - 150,cast iron r4,9.5 &#8211; 10.0,no,92,euro 4/5,~300 000,"5w-30, 5w-40",Mitsubishi,1998
298,Engine Mitsubishi 4G69,since 2003,2378,injector,,,cast iron r4,,no,95,euro 4,~350 000,5w-30,Mitsubishi,2003
299,Engine Mitsubishi 4G63T,1987-2007,1997,injector,,,cast iron r4,,yes,95,,~300 000,5w-30,Mitsubishi,1987
300,Engine Mitsubishi 4B11,since 2006,1998,distributed injection,145 - 155,195 - 200,aluminum r4,10,no,92,euro 4/5,~350 000,"5w-30, 5w-40",Mitsubishi,2006
301,Engine Mitsubishi 4G13,1985-2012,1298,,,,cast iron r4,,no,92,,~300 000,"5w-30, 5w-40",Mitsubishi,1985
302,Engine Hyundai-Kia G4FA,since 2006,1396,distributed injection,99 - 109,135 - 137,aluminum r4,10.5,no,92,euro 4/5,~300 000,"0w-30, 5w-30",Hyundai-Kia,2006
303,Engine Hyundai-Kia G4FC,since 2006,1591,distributed injection,120 - 128,154 - 158,aluminum r4,10.5,no,92,euro 4/5,~300 000,"0w-30, 5w-30",Hyundai-Kia,2006
304,Engine Hyundai-Kia G4GC,2000-2011,1975,distributed injection,136 - 143,179 - 186,cast iron r4,10.1,no,92,euro 3/4,~500 000,"5w-30, 5w-40",Hyundai-Kia,2000
305,Engine Hyundai D6AC,,11149,,340/2200,,,16.5,,,,,,Hyundai,
306,Engine Honda N22B,2008-2015,2199,common rail,,,aluminum r4,16.3,,diesel,euro 5,~240 000,0w-30,Honda,2008
307,Engine Honda N22A,2002-2010,2204,common rail,140,340,aluminum r4,16.7,garrett gta1752lv,diesel,euro 4,~250 000,0w-30,Honda,2002
308,Engine Honda N16A,since 2013,1597,common rail,,,aluminum r4,16,,diesel,euro 5/6,~250 000,0w-30,Honda,2013
309,Engine Honda R20A,since 2006,1997,injector,150 - 155,185 - 195,aluminum r4,10.5,no,95,euro 4/5,~300 000,5w-30,Honda,2006
375,Engine Ford Q4BA,2008-2010,2179,common rail,175,400,cast iron r4,16.6,bi-turbo,diesel,euro 4,~375 000,5w-30,Ford,2008
654,Engine DAF MX 340,,12900,,462,,,"17,7:1",,,euro 5,,,DAF,
330,Engine Honda F20B,1993-2002,1997,injector,,,aluminum r4,,no,92,euro 2/3,~330 000,5w-30,Honda,1993
659,Engine Volvo D16G600,,,,,,,16.8 to 1,,,,,,Volvo,
331,Engine Honda F20A,1989-2002,1997,,,,aluminum r4,,no,92,euro 2/3,~300 000,5w-30,Honda,1989
667,Engine YaMZ-536,2012,6650,,,,,17.5,,diesel,euro 4,,,YaMZ-,
672,Engine Audi CABB,2007-2008,1798,direct injection,160,250,cast iron r4,9.6,kkk k03,petrol,euro 4,~240 000,5w-30,Audi,2007
676,Engine Volkswagen CBFA,2008-2013,1984,direct injection,200,280,cast iron r4,9.6,kkk k03,petrol,sulev,~280 000,5w-30,Volkswagen,2008
333,Engine Honda D17A,2000-2007,1668,injector,115 - 135,145 - 155,aluminum r4,9.5 &#8211; 9.9,no,92,euro 3/4,~300 000,5w-30,Honda,2000
341,Engine Honda B20B,1995-2002,1972,injector,,,aluminum r4,,no,92,euro 3,~350 000,5w-30,Honda,1995
678,Engine Volkswagen CCTB,2008-2011,1984,direct injection,170,280,cast iron r4,9.6,kkk k03,petrol,ulev 2,~270 000,5w-30,Volkswagen,2008
683,Engine Alfa Romeo 937A1000,2002-2010,1970,direct injection,165,206,cast iron r4,11.3,no,petrol,euro 4,~180 000,10w-40,Alfa,2002
372,Engine Ford QJBB/QJBA,2004-2007,2198,common rail,155,360,cast iron r4,17.5,yes,diesel,euro 3/4,~275 000,5w-30,Ford,2004
373,Engine Ford FMBA,2002-2007,1998,common rail,130,330,cast iron r4,18.2,yes,diesel,euro 3,~250 000,5w-30,Ford,2002
351,Engine Opel Z12XEP,2004-2009,1229,distributed injection,80,110,cast iron r4,10.5,no,95,euro 4,~250 000,5w-30,Opel,2004
374,Engine Ford KNWA,2010-2015,2179,common rail,200,420,cast iron r4,15.8,yes,diesel,euro 5,~350 000,5w-30,Ford,2010
352,Engine Opel Z14XEP,2003-2010,1364,distributed injection,90 / 5600 rpm,125 / 4000 rpm,cast iron r4,10.5,no,95,euro 4,~275 000,5w-30,Opel,2003
313,Engine Honda L13B,since 2011,1318,injector,100 - 102,120 - 125,aluminum r4,13.5,no,95,euro 5/6,~250 000,5w-30,Honda,2011
311,Engine Honda L15B,since 2013,1497,,,,aluminum r4,,,,euro 5/6,~275 000,5w-30,Honda,2013
312,Engine Honda L15A,since 2001,1497,injector,,,aluminum r4,,no,95,euro 4/5/6,~275 000,5w-30,Honda,2001
314,Engine Honda L13A,since 2001,1339,injector,,,aluminum r4,,no,95,euro 4/5,~275 000,5w-30,Honda,2001
310,Engine Honda R18A,2005-2014,1799,injector,140,175,aluminum r4,10.5,no,95,euro 4/5,~280 000,5w-30,Honda,2005
332,Engine Honda F18B,1993-2002,1849,injector,135 - 140,165 - 175,aluminum r4,9.3,no,92,euro 2/3,~320 000,5w-30,Honda,1993
368,Engine Ford RFA/RFB,1990-1993,1753,prechamber,75,152,cast iron r4,21.5,garrett,diesel,euro 1,~220 000,5w-40,Ford,1990
362,Engine Ford 1.5 TDCi,since 2012,1499,common rail,75 - 120,185 - 270,aluminum r4,16,,diesel,euro 6,~300 000,,Ford,2012
369,Engine Ford RVA,1995-1998,1753,prechamber,70,135,cast iron r4,21.5,yes,diesel,euro 1,~210 000,5w-40,Ford,1995
370,Engine Ford RTK/RTJ,1995-2000,1753,prechambers,60,105,cast iron r4,21.5,no,diesel,euro 1,~240 000,5w-40,Ford,1995
337,Engine Honda D13B,1988-2002,1343,,,,aluminum r4,,no,92,,~250 000,5w-30,Honda,1988
347,Engine Opel Z22SE,2000-2005,2198,distributed injection,147,203,aluminum r4,10,no,95,euro 4,~270 000,5w-30,Opel,2000
319,Engine Honda J35A,1998-2012,3471,injector,,,aluminum v6,,no,92,euro 3/4,~375 000,5w-30,Honda,1998
315,Engine Honda K24A,2001-2016,2354,injector,,,aluminum r4,,no,92,euro 3/4,~350 000,5w-30,Honda,2001
378,Engine Ford FXFA,2000-2006,2402,direct injection,115,185,cast iron r4,19,yes,diesel,euro 3,~300 000,5w-30,Ford,2000
338,Engine Honda C35A,1995-2004,3473,injector,208 - 225,295 - 315,aluminum v6,9.6,no,92,euro 3,~350 000,5w-30,Honda,1995
320,Engine Honda J32A,1998-2008,3206,injector,,,aluminum v6,,no,92,euro 3/4,~375 000,5w-30,Honda,1998
321,Engine Honda J30A,1997-2007,2997,injector,,,aluminum v6,,no,92,euro 3/4,~375 000,5w-30,Honda,1997
329,Engine Honda F20C,1999-2009,1998,injector,240 - 250,210 - 220,aluminum r4,11.0 &#8211; 11.7,no,95,euro 3/4,~200 000,5w-40,Honda,1999
339,Engine Honda C32A,1990-1999,3206,injector,,,aluminum v6,,no,92,euro 2/3,~330 000,5w-30,Honda,1990
348,Engine Opel A16XER,since 2008,1598,distributed injection,115,155,cast iron r4,10.8,no,95,euro 5,~300 000,5w-30,Opel,2008
555,Engine Caterpillar C15,,,,,,,,,,,,,Caterpillar,
336,Engine Honda D14A,1987-2000,1396,,,,aluminum r4,,no,92,,~250 000,5w-30,Honda,1987
316,Engine Honda K23A,2006-2012,2300,injector,240,350,aluminum r4,8.8,mhi td04hl-15t,95,euro 4,~300 000,5w-30,Honda,2006
317,Engine Honda K20A,2000-2011,1998,injector,,,aluminum r4,,no,92,euro 3/4,~300 000,5w-30,Honda,2000
322,Engine Honda J25A,1998-2003,2495,injector,200,240,aluminum v6,10.5,no,92,euro 2/3,~350 000,5w-30,Honda,1998
323,Engine Honda H23A,1992-2002,2258,injector,,,aluminum r4,,no,95,euro 3/4,~300 000,5w-30,Honda,1992
324,Engine Honda H22A,1991-2002,2157,injector,,,aluminum r4,10 &#8211; 11,no,95,euro 3/4,~300 000,5w-30,Honda,1991
340,Engine Honda C27A,1987-1997,2675,injector,,,aluminum v6,,no,92,,~320 000,5w-30,Honda,1987
325,Engine Honda G25A,1989-1998,2451,injector,180 - 190,225 - 235,aluminum r5,9.0 &#8211; 10,no,92,euro 1/2,~350 000,5w-30,Honda,1989
326,Engine Honda G20A,1989-1998,1996,injector,155 - 160,185,aluminum r5,9.7,no,92,euro 1/2,~350 000,5w-30,Honda,1989
327,Engine Honda F23A,1997-2003,2254,injector,,205,aluminum r4,,no,92,euro 3/4,~350 000,5w-30,Honda,1997
328,Engine Honda F22B,1991-1997,2156,injector,,,aluminum r4,,no,92,euro 2/3,~350 000,5w-30,Honda,1991
357,Engine Chevrolet F18D3,,1796,distributed injection,121,169,cast iron r4,10.5,no,92,euro 3/4,~330 000,5w-30,Chevrolet,
687,Engine Alfa Romeo AR32104,2000-2010,1598,distributed injection,120,146,cast iron r4,10.3,no,petrol,euro 3,~250 000,10w-40,Alfa,2000
586,Engine DAF FR 152,2009,4461,direct injection,207/2100,,,,,diesel,euro 5,,,DAF,
334,Engine Honda D16A,1986-1995,1590,injector,,135 - 145,aluminum r4,,no,92,euro 2/3,~300 000,5w-30,Honda,1986
335,Engine Honda D15B,1987-2005,1493,,,,aluminum r4,,no,92,,~290 000,5w-30,Honda,1987
350,Engine Opel Z10XEP,2003-2009,998,distributed injection,60,88,cast iron r3,10.5,no,95,euro 4,~240 000,5w-30,Opel,2003
342,Engine Honda B18C,1993-2001,1797,injector,,,aluminum r4,,no,95,euro 3,~325 000,5w-30,Honda,1993
547,Engine Cummins ISB 5.9L,1998-2007,,,,,,16.3:1; 17.2:1 high output version,,diesel,,,,Cummins,1998
343,Engine Honda B18B,1992-2000,1834,injector,130 - 145,165 - 175,aluminum r4,9.2,no,95,euro 3,~300 000,5w-30,Honda,1992
344,Engine Honda B16B,1997-2000,1595,injector,185,160,aluminum r4,10.8,no,95,euro 3,~300 000,5w-30,Honda,1997
345,Engine Honda B16A,1989-2000,1595,injector,,,aluminum r4,,no,95,,~330 000,5w-30,Honda,1989
346,Engine Opel Z22YH,,2198,direct injection,,215 - 220,aluminum r4,12,no,95,euro 4,250 000,"5.0 liters 5w-30, 5w-40",Opel,
548,Engine Cummins ISF 3.8,,,high pressure common rail,,,,17.2:1,,diesel,,,,Cummins,
549,Engine Cummins 6CT/6CTA 8.3,,,????,,,,"16,8:1",,diesel,,,,Cummins,
550,Engine Cummins 4BT 3.9L,1984-1998,,"direct injection, mechanical injection pump",,,,,,diesel,,,,Cummins,1984
353,Engine Opel Z16SE,2000-2004,1598,distributed injection,84,138,cast iron r4,9.6,no,92,euro 4,~350 000,5w-30,Opel,2000
354,Engine Chevrolet F14D4,,1399,distributed injection,101/6400,,,10.5,,92 (better 95),euro 4,~350 000,10w-30 / 5w-30,Chevrolet,
355,Engine Chevrolet F16D3,2004-2013,1598,distributed injection,109/5800,,,9.5,,92,euro 3/4,~350 000,10w-30 / 5w-30,Chevrolet,2004
569,Engine DAF MX 375,,12900,,510,,,"16,5:1",,,euro 5,,,DAF,
570,Engine Volvo D7E280,2006,7200,direct injection,280/2300,,,18,,diesel,"euro 4, 5",,,Volvo,
356,Engine Chevrolet F16D4,2008-2020,1598,distributed injection,113 / 124,152 / 154,cast iron r4,10.8 / 11.0,no,95,euro 4/5,~350 000,5w-30,Chevrolet,2008
358,Engine Chevrolet F18D4,2008-2016,1796,distributed injection,141,176,cast iron r4,10.5,no,92,euro 4/5,~350 000,5w-30,Chevrolet,2008
359,Engine Chevrolet F14D3,2002-2008,1399,distributed injection,94/6200,,,9.5,,95,euro 4,~350 000,10w-30 / 5w-30,Chevrolet,2002
360,Engine Ford 2.2 TDCi,,2179,common rail,175,400,cast iron r4,16.6,,diesel,euro 4,,,Ford,
361,Engine Ford 1.6 TDCi,2004-2010,1560,common rail,75 - 109,185 - 240,aluminum r4,18.0 &#8211; 18.3,,diesel,euro 4,~350 000,,Ford,2004
376,Engine Ford TXDA,2010-2012,1997,common rail,163,340,cast iron r4,16,vgt,diesel,euro 5,~350 000,5w-30,Ford,2010
377,Engine Ford QXWA/QXWB,2006-2015,1997,common rail,140,320,cast iron r4,18,vgt,diesel,euro 4/5,~400 000,5w-30,Ford,2006
588,Engine YaMZ-238,1962,14866,,,,,16.5,,diesel,,,,YaMZ-,
589,Engine Volvo D16C550,,16120,,550,,,,,,euro 3,,,Volvo,
590,Engine Scania DSC12,1995,11700,direct injection,360/1600,,,18,,diesel,euro 2,,,Scania,
591,Engine Volvo D7E240,2006,7200,direct injection,240/2300,,,18,,diesel,euro 4,,,Volvo,
592,Engine MAN D2868,,,,,,,,,diesel v8,euro 5,,,MAN,
563,Engine YaMZ-850,,"25,9",,,,,,,,,,,YaMZ-,
363,Engine Ford 1.4 TDCi,2002-2014,1399,common rail,68 - 70,160,aluminum r4,17.9,,diesel,euro 3/4,~300 000,,Ford,2002
364,Engine Ford C9DA/C9DB/C9DC,1999-2004,1753,direct injection,90,200,cast iron r4,19.4,yes,diesel,euro 2/3,~300 000,5w-30,Ford,1999
365,Engine Ford BHDA/BHDB,1999-2004,1753,direct injection,75,175,cast iron r4,19.4,yes,diesel,euro 2/3,~275 000,5w-30,Ford,1999
366,Engine Ford RTP/RTN/RTQ,1999-2002,1753,direct injection,75,140,cast iron r4,19.4,yes,diesel,euro 2,~250 000,5w-30,Ford,1999
367,Engine Ford RFN/RFM,1993-2000,1753,vortex chamber,90,178,cast iron r4,21.5,yes,diesel,euro 1/2,~200 000,5w-40,Ford,1993
566,Engine MAN D2876,,,,,,,,,,,,,MAN,
571,Engine Volvo D16E660,,,direct injection,,,,,,diesel,euro 4 (d4),,,Volvo,
572,Engine Scania DS14,1969,14190,,350-388,,,,,"diesel engine 4-stroke, injection, liquid cooling",euro 2,,,Scania,
573,Engine MAN D0836,,6871,,290-326,,,,,,euro 4,,,MAN,
596,Engine DAF HS825,,8250,inline injection pump,,,,,,diesel,,,,DAF,
379,Engine Ford D6BA,2000-2002,1998,direct injection,115,280,cast iron r4,19,yes,diesel,euro 3,~240 000,5w-30,Ford,2000
380,Engine Ford D5BA,2000-2005,1998,direct injection,90,245,cast iron r4,19,yes,diesel,euro 3,~250 000,5w-30,Ford,2000
381,Engine Ford D3FA,2000-2006,1998,direct injection,75,185,cast iron r4,19,yes,diesel,euro 3,~320 000,5w-30,Ford,2000
382,Engine Ford QYWA,2006-2012,1753,common rail,125,320,cast iron r4,17,vgt,diesel,euro 3/4,~250 000,5w-30,Ford,2006
383,Engine Ford KKDA/KKDB,2004-2011,1753,common rail,115,280,cast iron r4,17,vgt,diesel,euro 3/4,~260 000,5w-30,Ford,2004
384,Engine Ford FFDA,2002-2004,1753,common rail,100,240,cast iron r4,18.5,yes,diesel,euro 3/4,~275 000,5w-30,Ford,2002
385,Engine Ford HCPA,2002-2013,1753,common rail,90,227,cast iron r4,18.5,yes,diesel,euro 3/4,~300 000,5w-30,Ford,2002
386,Engine Ford G8DA/G8DB,2003-2010,1560,common rail,109,240,aluminum r4,18.3,vgt,diesel,euro 3/4,~225 000,5w-30,Ford,2003
387,Engine Ford GPDA/GPDC,2005-2010,1560,common rail,90,215,aluminum r4,18,yes,diesel,euro 3/4,~220 000,5w-30,Ford,2005
388,Engine Ford UGJC,2012-2017,1499,common rail,75,185,aluminum r4,16,yes,diesel,euro 5,~250 000,5w-30,Ford,2012
389,Engine Ford F6JA/F6JB,2002-2008,1399,common rail,68,160,aluminum r4,17.9,borgwarner kp35,diesel,euro 3/4,~280 000,5w-30,Ford,2002
390,Engine Ford CDDA,2002-2005,1597,distributed injection,98,140,cast iron r4,9.5,no,92,euro 3,~320 000,5w-30,Ford,2002
391,Engine Ford A9JA/A9JB,2001-2008,1299,distributed injection,70,106,cast iron r4,10.2,no,92,euro 3,~300 000,5w-30,Ford,2001
392,Engine Ford MHA/MHB,1997-2001,1679,distributed injection,125,157,aluminum r4,10.3,no,95,euro 3,~250 000,5w-30,Ford,1997
393,Engine Ford FYDA/FYDB/FYDC,1998-2004,1596,distributed injection,100,145,aluminum r4,11,no,95,euro 3,~300 000,5w-30,Ford,1998
394,Engine Ford FXJA/FXJB/FXJC,2001-2012,1388,distributed injection,80,124,aluminum r4,11,no,95,euro 3/4,~250 000,5w-30,Ford,2001
395,Engine Ford FUJA/FUJB,2001-2011,1242,distributed injection,70 - 75,110,aluminum r4,10,no,95,euro 3/4,~220 000,5w-30,Ford,2001
396,Engine Ford RKB,1994-1998,1796,distributed injection,112,158,cast iron r4,10,no,92,euro 2/3,~300 000,5w-30,Ford,1994
397,Engine Ford EDDB,1998-2004,1988,injector,131,178,cast iron r4,10,no,95,euro 3,~350 000,5w-30,Ford,1998
398,Engine Ford NGA,1993-1998,1988,distributed injection,131 - 136,176 - 180,cast iron r4,10,no,92,euro 2/3,~350 000,5w-30,Ford,1993
399,Engine Ford EYDB,1998-2004,1796,injector,115,160,cast iron r4,10,no,95,euro 3,~320 000,5w-30,Ford,1998
400,Engine Ford EDDC,1998-2004,1988,distributed injection,131,178,cast iron r4,10,no,92,euro 2,~400 000,5w-30,Ford,1998
401,Engine Ford EYDC,1998-2004,1796,distributed injection,115,160,cast iron r4,10,no,92,euro 2,~350 000,5w-30,Ford,1998
402,Engine Ford L1N,1998-2000,1597,distributed injection,95,142,cast iron r4,10.3,no,92,euro 2/3,~330 000,5w-30,Ford,1998
403,Engine Ford L1E,1992-1995,1597,distributed injection,90,134,cast iron r4,10.3,no,92,euro 2/3,~320 000,5w-30,Ford,1992
404,Engine Ford YS4E,2000-2004,1988,distributed injection,111,169,cast iron r4,9.4,no,92,euro 3,~240 000,5w-30,Ford,2000
405,Engine Ford F8CE,1997-2002,1988,distributed injection,111,169,cast iron r4,9.35,no,92,euro 3,~250 000,5w-30,Ford,1997
406,Engine Ford E5SA,2000-2006,2295,distributed injection,145,203,cast iron r4,10,no,92,euro 3,~400 000,5w-30,Ford,2000
407,Engine Ford ZVSA,2000-2006,1998,distributed injection,115,170,cast iron r4,9.8,no,92,euro 3,~300 000,5w-30,Ford,2000
408,Engine Ford J4D,1996-2002,1299,injector,60,105,cast iron r4,9.5,no,92,euro 2/3,~230 000,5w-30,Ford,1996
409,Engine Ford JJA,1995-2002,1299,injector,50,84,cast iron r4,9.5,no,92,euro 2/3,~220 000,5w-30,Ford,1995
410,Engine Ford YVDA,2016-2018,2261,direct injection,350,440,aluminum r4,9.37,yes,98,euro 6,~180 000,5w-20,Ford,2016
411,Engine Ford R9DA,2012-2015,1999,direct injection,249,360,aluminum r4,9.3,yes,98,euro 5,~200 000,5w-20,Ford,2012
412,Engine Ford TPWA,2010-2015,1999,direct injection,240,340,aluminum r4,10,yes,95,euro 5,~250 000,5w-20,Ford,2010
413,Engine Ford TPBA,2010-2014,1999,direct injection,240,340,aluminum r4,10,borgwarner k03,95,euro 5,~250 000,5w-20,Ford,2010
414,Engine Ford TNBB/TNBA,2010-2014,1999,direct injection,199,300,aluminum r4,10,yes,95,euro 5,~275 000,5w-20,Ford,2010
415,Engine Ford JTMA/JTMB,2012-2016,1596,direct injection,182,240,aluminum r4,10.1,borgwarner kp39,95,euro 5/6,~220 000,5w-20,Ford,2012
416,Engine Ford JTBA/JTBB,2010-2014,1596,direct injection,160,240,aluminum r4,10,borgwarner kp39,95,euro 5/6,~240 000,5w-20,Ford,2010
417,Engine Ford JQMA,2012-2016,1596,direct injection,150,240,aluminum r4,10.1,borgwarner kp39,95,euro 5/6,~240 000,5w-20,Ford,2012
418,Engine Ford JQDA,2010-2015,1596,direct injection,150,240,aluminum r4,10,borgwarner kp39,95,euro 5/6,~250 000,5w-20,Ford,2010
419,Engine Ford ?9??,2014-2019,1498,direct injection,182,240,aluminum r4,10.3,yes,95,euro 5/6,~220 000,5w-20,Ford,2014
420,Engine Ford M9DA,2014-2018,1498,direct injection,182,240,aluminum r4,10,continental,95,euro 5/6,~220 000,5w-20,Ford,2014
421,Engine Ford M8MA,2014-2019,1498,direct injection,150,240,aluminum r4,10,continental,95,euro 5/6,~230 000,5w-20,Ford,2014
422,Engine Ford M8DA,2014-2019,1498,direct injection,150,240,aluminum r4,10,yes,95,euro 5/6,~240 000,5w-20,Ford,2014
423,Engine Ford M1JE,2012-2017,998,direct injection,125,170,cast iron r3,10,continental,95,euro 5/6,~230 000,5w-20,Ford,2012
424,Engine Ford M2DA,since 2012,998,direct injection,100,170,cast iron r3,10,yes,95,euro 5,~250 000,5w-20,Ford,2012
425,Engine Ford M1DA,since 2012,998,direct injection,125,170,cast iron r3,10,yes,95,euro 5,~220 000,5w-20,Ford,2012
426,Engine Ford MEBA,2002-2007,2967,distributed injection,226,280,aluminum v6,10,no,92,euro 3/4,~330 000,5w-30,Ford,2002
427,Engine Ford REBA,2004-2007,2967,distributed injection,204,263,aluminum v6,10,no,92,euro 3/4,~350 000,5w-30,Ford,2004
428,Engine Ford LCBD,2000-2007,2495,distributed injection,170,220,aluminum v6,9.8,no,92,euro 3/4,~320 000,5w-30,Ford,2000
429,Engine Ford SGA,1999-2000,2495,distributed injection,205,235,aluminum v6,10.25,no,92,euro 3,~275 000,5w-30,Ford,1999
430,Engine Ford SEA,1994-1999,2544,distributed injection,170,220,aluminum v6,9.7,no,92,euro 3,~300 000,5w-30,Ford,1994
431,Engine Ford XTDA,2010-2018,1596,injector,85,141,aluminum r4,11,no,95,euro 5/6,~300 000,5w-30,Ford,2010
432,Engine Ford SIDA,2007-2011,1596,injector,115,155,aluminum r4,11,no,95,euro 4,~260 000,5w-30,Ford,2007
433,Engine Ford PNDA,2010-2019,1596,distributed injection,125,159,aluminum r4,11,no,95,euro 5,~350 000,5w-30,Ford,2010
434,Engine Ford PNBA,2007-2010,1596,injector,125,160,aluminum r4,11,no,95,euro 4,~250 000,5w-30,Ford,2007
435,Engine Ford HXDA,2003-2008,1596,distributed injection,115,155,aluminum r4,11,no,92,euro 4,~300 000,5w-30,Ford,2003
436,Engine Ford IQDB,2010-2019,1596,distributed injection,105,150,aluminum r4,11,no,95,euro 5/6,~330 000,5w-30,Ford,2010
437,Engine Ford UEJB,2013-2017,1499,distributed injection,112,140,aluminum r4,11,no,95,euro 5,~320 000,5w-30,Ford,2013
438,Engine Ford JZDA,2009-2010,2522,distributed injection,305 - 350,440 - 460,aluminum r5,8.5,yes,95,euro 4/5,~300 000,5w-30,Ford,2009
439,Engine Ford HUWA,2006-2010,2522,injector,220,320,aluminum r5,9,kkk k04,95,euro 4,~290 000,5w-30,Ford,2006
440,Engine Ford HYDB,2008-2013,2522,distributed injection,200,320,aluminum r5,9,yes,92,euro 4/5,~450 000,5w-30,Ford,2008
441,Engine Ford HYDA,2005-2010,2522,distributed injection,225,320,aluminum r5,9,yes,92,euro 4,~400 000,5w-30,Ford,2005
442,Engine Ford HUBA,2007-2010,2522,injector,220,320,aluminum r5,9,kkk k04,95,euro 4,~300 000,5w-30,Ford,2007
443,Engine Ford HMDA,2002-2003,1988,distributed injection,215,310,cast iron r4,8,yes,95,euro 3,~250 000,5w-30,Ford,2002
444,Engine Ford ALDA,2002-2004,1988,distributed injection,173,196,cast iron r4,10.2,no,95,euro 3,~275 000,5w-30,Ford,2002
445,Engine Ford YTMA,since 2012,2488,distributed injection,149,230,aluminum r4,9.7,no,92,euro 5,~400 000,5w-30,Ford,2012
446,Engine Ford SEBA,2007-2015,2261,injector,161,208,aluminum r4,10.6,no,95,euro 4/5,~350 000,5w-30,Ford,2007
447,Engine Ford SEWA,2006-2015,2261,distributed injection,161,208,aluminum r4,10.6,no,95,euro 4,~375 000,5w-30,Ford,2006
448,Engine Ford XQDA,since 2010,1999,direct injection,150,202,aluminum r4,12,no,95,euro 5,~300 000,5w-30,Ford,2010
449,Engine Ford CJBA/CJBB,2000-2007,1999,distributed injection,145,190,aluminum r4,10.8,no,95,euro 4,~400 000,5w-30,Ford,2000
450,Engine Ford AOWA,2006-2015,1999,injector,145,185,aluminum r4,10.8,no,95,euro 4,~360 000,5w-30,Ford,2006
451,Engine Ford AODA,2003-2011,1999,injector,145,185,aluminum r4,10.8,no,95,euro 4,~340 000,5w-30,Ford,2003
452,Engine Ford QQDB/QQDA,2003-2011,1798,distributed injection,125,165,aluminum r4,10.8,no,95,euro 4,~350 000,5w-30,Ford,2003
453,Engine Ford CHBA/CHBB,2000-2007,1798,injector,125,170,aluminum r4,10.8,no,95,euro 4,~360 000,5w-30,Ford,2000
454,Engine Ford CFBA,2003-2007,1798,direct injection,130,175,aluminum r4,11.3,no,95,euro 4,~250 000,5w-30,Ford,2003
455,Engine Ford FYJA,2001-2012,1596,injector,100,146,aluminum r4,11,no,95,euro 4,~340 000,5w-30,Ford,2001
456,Engine Ford HWDA,2003-2008,1596,injector,100,150,aluminum r4,11,no,95,euro 4,~320 000,5w-30,Ford,2003
457,Engine Ford SHDA/SHDB,2007-2011,1596,injector,100,150,aluminum r4,11,no,95,euro 4,~330 000,5w-30,Ford,2007
458,Engine Ford ASDA,2004-2010,1388,injector,80,124,aluminum r4,11,no,95,euro 4,~250 000,5w-30,Ford,2004
459,Engine Ford Duratorq 2.4,2006,2402,direct injection,100 — 140 / 3500,,,17.5,,diesel,euro 4,,,Ford,
460,Engine Ford Duratorq 3.2,,3198,direct injection,200 / 3500,,,15.8,,diesel,euro 5,,,Ford,
461,Engine Ford Duratorq 2.2,,2198,direct injection,85 - 130 / 3500,,,17.5,,diesel,euro 4,,,Ford,
462,Engine Mazda B1 1.1l,1987-1994,1138,carburetor / injector,50 - 55,80 - 90,cast iron r4,8.6 &#8211; 9.2,no,92,euro 1,~220 000,5w-30,Mazda,1987
463,Engine Mazda B3 1.3l,1987-2005,1323,,,,cast iron r4,,no,92,,~250 000,5w-30,Mazda,1987
464,Engine Mazda B3-ME,1994-2003,1323,injector,65 - 85,100 - 110,cast iron r4,9.1 &#8211; 9.4,no,92,euro 2/3,~280 000,5w-30,Mazda,1994
465,Engine Mazda B5 1.5l,1987-1994,1498,,,,cast iron r4,,no,92,,~250 000,5w-30,Mazda,1987
466,Engine Mazda B5-DE,1989-2005,1498,injector,105 - 120,125 - 145,cast iron r4,9.2 &#8211; 9.5,no,92,euro 2,~350 000,5w-30,Mazda,1989
467,Engine Mazda B5-ME,1992-2002,1498,injector,75 - 100,115 - 130,cast iron r4,9.0 &#8211; 9.5,no,92,euro 2/3,~300 000,5w-30,Mazda,1992
468,Engine Mazda B6 1.6l,1985-1994,1597,injector,82 - 86,120 - 125,cast iron r4,9.3,no,92,euro 1/2,~275 000,5w-30,Mazda,1985
469,Engine Mazda B6-ME,1989-1994,1597,injector,85 - 90,135 - 140,cast iron r4,9,no,92,euro 1/2,~280 000,5w-30,Mazda,1989
470,Engine Mazda B6-DE,1993-2009,1597,injector,105 - 115,135 - 145,cast iron r4,9.0 &#8211; 9.2,no,92,euro 2/3,~300 000,5w-30,Mazda,1993
471,Engine Mazda BP 1.8l,1989-2004,1839,injector,130 - 140,150 - 160,cast iron r4,9,no,92,euro 2,~330 000,5w-30,Mazda,1989
472,Engine Mazda BP-ME/B8,1990-1996,1839,injector,100 - 115,150 - 155,cast iron r4,8.9,no,92,euro 2,~320 000,5w-30,Mazda,1990
473,Engine Mazda F6 1.6l,1982-1987,1587,carburetor,72 - 82,120,cast iron r4,8.6,no,92,euro 0,~250 000,5w-30,Mazda,1982
474,Engine Mazda FP 1.8l,1991-1997,1839,distributed injection,90 - 115,145 - 155,cast iron r4,9.1,no,92,euro 2,~350 000,5w-30,Mazda,1991
475,Engine Mazda FP-DE,1997-2004,1839,distributed injection,90 - 135,145 - 165,cast iron r4,9.1 &#8211; 10.2,no,92,euro 3,~400 000,5w-30,Mazda,1997
476,Engine Mazda F8 1.8l,1982-2005,1789,,,,cast iron r4,,no,92,,~275 000,5w-30,Mazda,1982
477,Engine Mazda FE 2.0l,1981-2001,1998,,,,cast iron r4,,,92,,~300 000,5w-30,Mazda,1981
478,Engine Mazda FE-DE,1987-2004,1998,injector,130 - 150,170 - 185,cast iron r4,9.2 &#8211; 10,no,92,euro 1/2,~350 000,5w-30,Mazda,1987
479,Engine Mazda FE3N,1989-1997,1998,injector,150 - 170,180 - 190,cast iron r4,9.5 &#8211; 10.2,no,95,euro 2,~250 000,5w-30,Mazda,1989
480,Engine Mazda FS 2.0l,1991-1997,1991,distributed injection,115 - 130,170 - 175,cast iron r4,9.0 &#8211; 9.5,no,92,euro 2,~375 000,5w-30,Mazda,1991
481,Engine Mazda FS-DE,1997-2004,1991,distributed injection,115 - 140,170 - 185,cast iron r4,9.1 &#8211; 9.7,no,92,euro 3,~450 000,5w-30,Mazda,1997
482,Engine Mazda FS-ZE,1997-2004,1991,distributed injection,165 - 170,175 - 185,cast iron r4,10,no,95,euro 3,~300 000,5w-30,Mazda,1997
483,Engine Mazda F2 2.2l,1986-1993,2184,,,,cast iron r4,,,92,,~350 000,5w-30,Mazda,1986
484,Engine Mazda K8-DE,1991-1998,1845,distributed injection,130 - 135,155 - 160,aluminum v6,9.2,no,92,euro 3,~290 000,5w-30,Mazda,1991
485,Engine Mazda K8-ZE,1991-1998,1845,distributed injection,140 - 145,155 - 160,aluminum v6,9.5,no,95,euro 3,~275 000,5w-30,Mazda,1991
486,Engine Mazda KF-DE,1992-2002,1995,distributed injection,140 - 145,180,aluminum v6,9.5,no,92,euro 3,~300 000,5w-30,Mazda,1992
487,Engine Mazda KF-ZE,1991-1999,1995,distributed injection,160 - 170,180 - 190,aluminum v6,10,no,95,euro 3,~275 000,5w-30,Mazda,1991
488,Engine Mazda KJ-ZEM,1993-2002,2255,distributed injection,210 - 220,280 - 290,aluminum v6,10,compressor,95,euro 3,~250 000,5w-30,Mazda,1993
489,Engine Mazda KL-DE,1992-2002,2497,distributed injection,165 - 175,210 - 220,aluminum v6,9.2,no,92,euro 3,~450 000,5w-30,Mazda,1992
490,Engine Mazda KL-G4,1997-2002,2497,distributed injection,170,221,aluminum v6,9.5,no,92,euro 3,~500 000,5w-30,Mazda,1997
491,Engine Mazda KL-ZE,1992-2002,2497,distributed injection,200,224,aluminum v6,10,no,92,euro 3,~400 000,5w-30,Mazda,1992
492,Engine Mazda L8-DE,2002-2018,1798,distributed injection,120 - 125,160 - 170,aluminum r4,10.8,no,92,euro 4,~275 000,5w-30,Mazda,2002
493,Engine Mazda L813,2002-2012,1798,distributed injection,120,165,aluminum r4,10.8,no,92,euro 4,~280 000,5w-30,Mazda,2002
494,Engine Mazda LF-DE,2002-2015,1999,distributed injection,140 - 160,175 - 195,aluminum r4,10.8,no,92,euro 4,~300 000,5w-30,Mazda,2002
495,Engine Mazda LF-VD,2010-2018,1999,direct injection,145 - 155,185 - 195,aluminum r4,11.2,no,petrol,euro 5,~260 000,5w-30,Mazda,2010
496,Engine Mazda LF17,2002-2013,1999,distributed injection,140 - 150,180 - 190,aluminum r4,10.8,no,95,euro 4,~320 000,5w-30,Mazda,2002
497,Engine Mazda LFF7,2004-2011,1999,distributed injection,140 - 150,180 - 190,aluminum r4,10.8,no,92,euro 4,~310 000,5w-30,Mazda,2004
498,Engine Mazda L3-VE,2002-2018,2261,distributed injection,150 - 180,200 - 220,aluminum r4,10.6,no,92,euro 4,~300 000,5w-30,Mazda,2002
499,Engine Mazda L3-VDT,2005-2013,2261,direct injection,235 - 275,350 - 380,aluminum r4,9.5,warner-hitachi k04,98,euro 4,~230 000,5w-30,Mazda,2005
500,Engine Mazda L3C1,2002-2008,2261,distributed injection,165,205,aluminum r4,10.6,no,92,euro 4,~280 000,5w-30,Mazda,2002
501,Engine Mazda L5-VE,2008-2015,2488,distributed injection,160 - 175,220 - 235,aluminum r4,9.7,no,92,euro 4,~350 000,5w-30,Mazda,2008
502,Engine Mazda ZJ-VE,2002-2015,1348,distributed injection,75 - 90,120 - 125,aluminum r4,10,no,92,euro 4/5,~240 000,5w-30,Mazda,2002
503,Engine Mazda Z5-DE,1994-1998,1489,distributed injection,90 - 110,130 - 140,cast iron r4,9.0 &#8211; 9.5,no,92,euro 3,~300 000,5w-30,Mazda,1994
504,Engine Mazda ZL-DE,1998-2003,1489,distributed injection,110,137,cast iron r4,9,no,92,euro 3,~320 000,5w-30,Mazda,1998
505,Engine Mazda ZL-VE,1998-2003,1489,distributed injection,130,141,cast iron r4,9.4,no,92,euro 3,~290 000,5w-30,Mazda,1998
506,Engine Mazda ZY-VE,2002-2015,1489,distributed injection,100 - 115,135 - 140,aluminum r4,10,no,92,euro 4/5,~280 000,5w-30,Mazda,2002
507,Engine Mazda MZR Z6,2003-2019,1598,distributed injection,105,145,aluminum r4,10,no,92,euro 4/5,~250 000,5w-30,Mazda,2003
508,Engine Mazda ZM-DE,1998-2003,1598,distributed injection,95 - 105,145,cast iron r4,10,no,92,euro 3,~300 000,5w-30,Mazda,1998
509,Engine Mazda GY-DE,1999-2002,2495,distributed injection,170,207 - 211,aluminum v6,9.7,no,92,euro 3,~350 000,5w-30,Mazda,1999
510,Engine Mazda AJ-DE,2000-2007,2967,distributed injection,200 - 220,260 - 270,aluminum v6,10,no,95,euro 3,~400 000,5w-30,Mazda,2000
511,Engine Mazda AJ-VE,2007-2011,2967,distributed injection,240,300,aluminum v6,10.3,no,95,euro 4,~350 000,5w-30,Mazda,2007
512,Engine Mazda SkyActiv-G 1.5,since 2013,1496,direct injection,100 - 120,140 - 150,aluminum r4,13-14,no,95,euro 4/5,~250 000,0w-20,Mazda,2013
513,Engine Mazda SkyActiv-G 2.0,since 2012,1997,direct injection,150 - 165,200 - 210,aluminum r4,13 &#8211; 14,no,95,euro 4/5,~300 000,0w-20,Mazda,2012
514,Engine Mazda SkyActiv-G 2.5,1992-2003,2488,direct injection,185 - 195,245 - 255,aluminum r4,13-14,no,95,euro 4/5,~320 000,0w-20,Mazda,1992
515,Engine Mazda 13B-MSP,2003-2012,1308,direct injection,192 - 250,211 - 222,aluminum w2,10,no,98,euro 4,~120 000,5w-30,Mazda,2003
516,Engine Mazda RF 2.0l,1983-2003,1998,prechambers,,,cast iron r4,,,diesel,,~300 000,5w-30,Mazda,1983
517,Engine Mazda RF-T DI,1998-2004,1998,direct injection,,,cast iron r4,18.8,,diesel,euro 2/3,~300 000,5w-30,Mazda,1998
518,Engine Mazda RF5C,2002-2005,1998,common rail,120 - 135,310,cast iron r4,18.3,ihi vj32,diesel,euro 3,~270 000,5w-30,Mazda,2002
519,Engine Mazda RF7J,2005-2010,1998,common rail,110 - 145,310 - 360,cast iron r4,16.7,ihi vj36,diesel,euro 4,~280 000,5w-30,Mazda,2005
520,Engine Mazda R2 2.2l,1983-2007,2184,prechambers,70 - 79,138 - 142,cast iron r4,22.9,no,diesel,euro 1/2,~320 000,5w-30,Mazda,1983
521,Engine Mazda R2AA,2008-2013,2184,common rail,150 - 185,360 - 400,cast iron r4,16.3,ihi vj42,diesel,euro 4/5,~275 000,5w-30,Mazda,2008
522,Engine Mazda Y4 1.4 CiTD,2003-2009,1399,common rail,68,160,aluminum r4,17.9,borgwarner kp35,diesel,euro 3/4,~300 000,5w-30,Mazda,2003
523,Engine Mazda Y6 1.6 CiTD,2004-2015,1560,common rail,,,aluminum r4,,,diesel,,~300 000,5w-30,Mazda,2004
524,Engine Mazda WL-T,1995-2006,2499,prechambers,110 - 130,265 - 295,cast iron r4,20,yes,diesel,euro 2/3,~500 000,"10w-30, 10w-40",Mazda,1995
525,Engine Mazda SH-VPTS,since 2013,2188,common rail,175 - 190,420 - 450,aluminum r4,14.4,twin-turbo,diesel,euro 5/6,~250 000,5w-30,Mazda,2013
526,Engine Mazda S8-DPTS,since 2018,1756,common rail,115,270,aluminum r4,14.8,vgt,diesel,euro 6d,~260 000,5w-30,Mazda,2018
527,Engine Mazda S5-DPTS,since 2014,1498,common rail,105,220 - 270,aluminum r4,14.8,vgt,diesel,euro 5/6,~240 000,5w-30,Mazda,2014
528,Engine Subaru EE20,since 2008,1998,common rail,147 - 150,350,aluminum h4,15.2 &#8211; 16.3,vgt,diesel,euro 4/5/6,~250 000,5w-30,Subaru,2008
529,Engine Subaru FB25,since 2010,2498,,,,aluminum h4,,no,95,,~250 000,0w-20,Subaru,2010
530,Engine Subaru FB20,,1995,,,,aluminum h4,,no,,euro 5/6,~250 000,0w-20,Subaru,
531,Engine Subaru FB16,,1599,injector,,,aluminum h4,,,95,euro 5/6,~220 000,,Subaru,
532,Engine Subaru FA24,,2387,direct injection,264,376,aluminum h4,10.6,twin-scroll,95,euro 5,~240 000,5w-30,Subaru,
533,Engine Subaru FA20,,1998,direct injection,,,aluminum h4,,,,euro 5,~230 000,,Subaru,
534,Engine Subaru EZ36,,3629,injector,250 - 260,350,aluminum h6,10.5,no,95,euro 4/5,~320 000,5w-30,Subaru,
535,Engine Subaru EZ30,2000-2009,2999,injector,,,aluminum h6,10.7,no,95,,~300 000,5w-30,Subaru,2000
536,Engine Subaru EL15,2006-2012,1498,injector,105 - 110,140 - 145,aluminum h4,10.1,no,95,euro 4,~250 000,5w-30,Subaru,2006
537,Engine Subaru EJ25,,2457,injector,,,aluminum h4,,,,,~300 000,5w-30,Subaru,
538,Engine Subaru EJ20T,,1994,injector,,,aluminum h4,,,95,,~225 000,5w-30,Subaru,
539,Engine Subaru EJ20,1989-2015,1994,injector,,,aluminum h4,,no,,euro 2/3/4,~300 000,5w-30,Subaru,1989
540,Engine Subaru EJ15,1992-2007,1493,injector,,,aluminum h4,,no,92,euro 1/2,~220 000,5w-30,Subaru,1992
541,Engine Subaru CB18,,1795,direct injection,177,300,aluminum h4,10.4,garrett m12,95,euro 6,~200 000,"0w-16, 0w-20",Subaru,
542,Engine DAF MX-13,,,direct injection,,,,,,diesel,euro 6,,,DAF,
543,Engine MMZ D-243,,,"direct injection, injection pump with mechanical regulator",,,,16:1,,"diesel, 4-stroke",,,,MMZ,
597,Engine Volvo D12A420,,12100,direct injection,,,,,,diesel,euro 2,,,Volvo,
544,Engine Cummins 6BT 5.9L,1989-1998,,"direct injection, mechanical injection pump",,,,17.0:1,,diesel,,,,Cummins,1989
545,Engine Cummins ISF 2.8,2009-…,,common rail direct injection,,,,16.9:1,,diesel,,,,Cummins,2009
546,Engine Cummins 6ISBe,,,common rail,,,,17.3:1,,diesel,4 (96-02),,,Cummins,
689,Engine Alfa Romeo AR32301,1998-2001,1970,distributed injection,155,187,cast iron r4,10,no,petrol,euro 2,~210 000,10w-40,Alfa,1998
552,Engine Cummins 4ISBe,,,common rail,,,,17.3:1,,diesel,4 (49-05b1(?)),,,Cummins,
553,Engine Caterpillar 3512,,"58,6",,,,,,,,,,,Caterpillar,
554,Engine Caterpillar C10,,"10,3",,,,,"17,25:1",,,,,,Caterpillar,
551,Engine Cummins ISB 6.7L,2007-…,,"direct injection, electronically controlled high pressure common rail injection system",,,,17.3:1,,diesel,,,,Cummins,2007
697,Engine Audi CDHA,2009-2015,1798,direct injection,120,230,cast iron r4,9.6,kkk k03,petrol,euro 5,~270 000,5w-30,Audi,2009
698,Engine Audi CDHB,2008-2013,1798,direct injection,160,250,cast iron r4,9.6,kkk k03,petrol,euro 5,~250 000,5w-30,Audi,2008
699,Engine Audi CCZC,2010-2015,1984,direct injection,170,280,cast iron r4,9.6,kkk k03,petrol,euro 5,~260 000,5w-30,Audi,2010
556,Engine Caterpillar C12,,12,,,,,,,,,,,Caterpillar,
557,Engine Caterpillar C7,,,,,,,,,,,,,Caterpillar,
558,Engine Caterpillar C18,,"18,1",,,,,16.3:1,,,,,,Caterpillar,
559,Engine Caterpillar C9,,,,,,,,,,,,,Caterpillar,
560,Engine KamAZ 820,,,,,,,,,,,,,KamAZ,
561,Engine MAN D2840,,,,,,,,,diesel,euro 1,,,MAN,
562,Engine Volvo D16G540,,,,,,,16.8:1,,,,,,Volvo,
693,Engine Volkswagen BGP,2005-2010,2480,injector,150,228,cast iron r5,10,no,petrol,euro 4,~330 000,5w-30,Volkswagen,2005
694,Engine Volkswagen CBTA,2008-2014,2480,injector,170,240,cast iron r5,10.3,no,petrol,euro 5,~350 000,5w-30,Volkswagen,2008
695,Engine Audi CEPA,2009-2014,2480,direct injection,340,450,cast iron r5,10,borgwarner k16,petrol,euro 5,~220 000,5w-30,Audi,2009
696,Engine Audi CTSA,2013-2015,2480,direct injection,310,420,cast iron r5,10,borgwarner k16,petrol,euro 5,~230 000,5w-30,Audi,2013
564,Engine YaMZ-651,,"11,12",,,,,"16,4",,,,,,YaMZ-,
565,Engine MAN D2156,1971,10344,,192 / 2100,,,17,,,,,,MAN,
567,Engine DAF WS 282,,11600,inline injection pump,,,,,,diesel,,,,DAF,
568,Engine YaMZ-236,,,"low booster pump and high pressure fuel pump, direct injection",,,,"17,5",,diesel,euro 0 &#8211; 3,,,YaMZ-,
574,Engine MAN D0834,,4580,,220,,,,,,euro 3,,,MAN,
575,Engine Scania DSC9,,8970,direct injection,220-310/2000,,,"16,7",,diesel,euro 2,,,Scania,
576,Engine MAN D0826,,6871,,150-260,,,,,,euro 2,,,MAN,
577,Engine Scania DC9,,9000,direct injection,260-310/2100,,,16,,diesel,euro 3,,,Scania,
632,Engine Scania DSC14,,14181,,,,,,,diesel,,,,Scania,
578,Engine Scania DC16,,16400,direct injection,550-770/1500,,,"16,7",,diesel,euro 4,,,Scania,
579,Engine Scania DC12,,11700,direct injection,340-470/1900,,,,,diesel,euro 3,,,Scania,
580,Engine MMZ D-260,,,,,,,16,,,,,,MMZ,
633,Engine Volvo D12C380,1998-08-01 00:00:00,12100,,,,,,,diesel,,,,Volvo,
634,Engine Volvo D16A520,,16122,,520,,,,,,euro 2,,,Volvo,
639,Engine DAF RS 180,,8650,inline injection pump,,,,,,diesel,,,,DAF,
641,Engine Volvo D6A180,,5480,,,,,,,diesel,,,,Volvo,
642,Engine DAF B85,,844,intake manifold injection / carburetor,,,,,,gasoline,,,,DAF,
581,Engine Volvo D12C460,1998-08-01 00:00:00,12100,,,,,,,diesel,,,,Volvo,
582,Engine MAN D2862,2014,24240,direct injection,1900/2300,,,17,,diesel,euro 5,,,MAN,
583,Engine DAF WS 242,,11600,inline injection pump,,,,,,diesel,euro 2,,,DAF,
584,Engine DAF WS 225,,11600,inline injection pump,,,,,,diesel,,,,DAF,
635,Engine DAF WS 259,,11600,inline injection pump,,,,,,diesel,,,,DAF,
636,Engine DAF XD3P,,2497,split combustion engine,,,,,,diesel,,,,DAF,
637,Engine DAF WS 268,,,,,,,16:1,,diesel,,,,DAF,
593,Engine DAF MX 300,,12900,,410,,,"17,7:1",,,euro 5,,,DAF,
594,Engine Volvo D16C610,,16120,,610,,,,,,euro 3,,,Volvo,
595,Engine Volvo D16B520,1998-08-01 00:00:00,,,,,,,,diesel,,,,Volvo,
598,Engine Volvo D13C540,2009-01-01 00:00:00,,,,,,,,diesel,euro 5,,,Volvo,
599,Engine Volvo D9B380,2005-09-01 00:00:00,,,,,,,,diesel,euro 4 (d4),,,Volvo,
600,Engine Volvo D11C330,,10800,direct injection,,,,,,diesel,euro 5,,,Volvo,
601,Engine Volvo D8K280,,,,,,,,,diesel,euro 6,,,Volvo,
602,Engine Volvo D13K460,,,,,,,,,diesel,euro 6,,,Volvo,
603,Engine DAF BE99C,,3920,direct injection,,,,,,diesel,euro 3,,,DAF,
604,Engine Volvo D6A230,,5480,,,,,,,diesel,,,,Volvo,
605,Engine Volvo D6A210,,5480,,,,,,,diesel,,,,Volvo,
606,Engine Volvo D13A400,,,,,,,18.1:1,,diesel,,,,Volvo,
607,Engine Volvo D12D420,,12100,direct injection,,,,,,diesel,euro 2-3,,,Volvo,
608,Engine DAF XF315M,1997,12580,inline injection pump,,,,16:1,,"diesel, inline",,,,DAF,
609,Engine Volvo D16E540,,,direct injection,,,,17.3:1,,diesel,euro 4 (d4),,,Volvo,
610,Engine MMZ D-240,,,direct injection,80,,,16,,diesel,,,,MMZ,
611,Engine Volvo D7F290,,,,,,,18:1,,diesel turbo,,,,Volvo,
612,Engine Volvo D13C420,2009-01-01 00:00:00,,,,,,17.8:1,,diesel,euro 5,,,Volvo,
613,Engine YaMZ-240,1962,22299,direct injection,,,,"16,5:1",,diesel,euro 0,,,YaMZ-,
614,Engine YaMZ-650,2006,11120,direct injection,,,,16.4:1,,diesel,euro 3,,,YaMZ-,
615,Engine YaMZ-7511,1996,14866,,,,,16.5,,diesel,euro 2,,,YaMZ-,
644,Engine MAN D2842,,21930,,,,,,,diesel,,,,MAN,
645,Engine Volvo D7F260,,7146,direct injection,,,,,,diesel,euro 5,,,Volvo,
700,Engine Audi CDNB,2008-2014,1984,direct injection,180,320,cast iron r4,9.6,kkk k03,petrol,euro 5,~260 000,5w-30,Audi,2008
701,Engine Audi CDNC,2008-2013,1984,direct injection,211,350,cast iron r4,9.6,ihi rhf5,petrol,euro 5,~300 000,"0w-30, 5w-40 (approved vw 502.00 or 505.00)",Audi,2008
702,Engine Audi CNCD,2012-2016,1984,fsi + mpi,225,350,cast iron r4,9.6,ihi is20,petrol,euro 5/6,~250 000,5w-30,Audi,2012
626,Engine DAF MX 265,,12900,,360,,,"17,7:1",,,euro 4,,,DAF,
627,Engine Volvo D12A380,1993-08-01 00:00:00,12100,direct injection,,,,,,diesel,euro 2,,,Volvo,
628,Engine MAN D0824,,4580,,,,,,,,euro 2,,,MAN,
629,Engine Volvo D6A250,,5480,,,,,,,diesel,,,,Volvo,
630,Engine Volvo D7C290,1998-09-01 00:00:00,7300,,,,,,,diesel,,,,Volvo,
655,Engine Volvo D16A470,,16122,,470,,,,,,euro 2,,,Volvo,
656,Engine Volvo D13B400,2007-09-01 00:00:00,,direct injection,,,,,,diesel,euro 4/euro 5,,,Volvo,
657,Engine Volvo D13C500,,,direct injection,,,,,,diesel,euro 5,,,Volvo,
658,Engine Volvo D16E580,,16120,direct injection,,,,,,diesel,euro 4 (d4),,,Volvo,
660,Engine KamAZ-740,,,,from 210 for the first modifications to 440 for the last,from 667 for the first modifications to 2060 for the last,,16.0 / 16.8 / 17.0,,diesel turbo,from euro 0 for the first modifications to euro 5 for the last,,,KamAZ-,
661,Engine Volvo D13A440,,,,,,,18.1 to 1,,,,,,Volvo,
662,Engine YaMZ-7E846,,,,,,,,,,euro 2,,,YaMZ-,
663,Engine Volvo D9A380,9.2001,9364,direct injection,,,,18.5:1,,diesel,euro 3,,,Volvo,
664,Engine Volvo D16G750,,16120,,749-751,3550,,,,,euro 5/eev,,,Volvo,
665,Engine DAF XF280M,,12580,,381,,,,,,euro 2,,,DAF,
666,Engine Volvo D13C460,2009-01-01 00:00:00,,,,,,,,diesel,euro 5,,,Volvo,
616,Engine Volvo D13A480,2005-09-01 00:00:00,12800,direct injection,,,,,,diesel,euro 3,,,Volvo,
617,Engine DAF XE 315 C,,,,,,,17 to 1,,,euro 3,,,DAF,
618,Engine Volvo D13A520,2005-09-01 00:00:00,,,,,,,,diesel,,,,Volvo,
619,Engine Volvo D7F240,,,,,,,,,diesel,euro 5,,,Volvo,
620,Engine MAN D2848,,14618,,,,,,,diesel,,,,MAN,
621,Engine Volvo D7B260,,6700,,,,,,,diesel,,,,Volvo,
622,Engine MMZ D-245,1984,4750,,,,,,,diesel,euro 0-5,,,MMZ,
668,Engine MAN D2866,1998,11967,direct injection,,,,,,diesel,euro 2/ euro 3,,,MAN,
688,Engine Alfa Romeo AR32201,1997-2001,1747,distributed injection,144,169,cast iron r4,10.3,no,petrol,euro 2,~270 000,10w-40,Alfa,1997
669,Engine Audi BYT,2007,1798,direct injection,160,250,cast iron r4,9.6,kkk k03,petrol,euro 4,~230 000,5w-30,Audi,
670,Engine Volkswagen BZB,2007-2010,1798,direct injection,160,250,cast iron r4,9.6,kkk k03,petrol,euro 4,~300 000,5w-30,Volkswagen,2007
671,Engine Audi CABA,2008-2009,1798,direct injection,120,230,cast iron r4,9.6,kkk k03,petrol,euro 4,~260 000,5w-30,Audi,2008
623,Engine MAN D2676,,,,,,,,,,,,,MAN,
624,Engine DAF BN 52,,2498,split combustion engine,,,,,,diesel,,,,DAF,
625,Engine Scania DS11,1996,11022,direct injection,320-380/1500,,,16,,diesel,euro 2,,,Scania,
677,Engine Audi CCTA,2008-2018,1984,direct injection,200,280,cast iron r4,9.6,kkk k03,petrol,ulev 2,~250 000,5w-30,Audi,2008
673,Engine Audi CABD,2007-2008,1798,direct injection,170,250,cast iron r4,9.6,kkk k03,petrol,euro 4,~250 000,5w-30,Audi,2007
674,Engine Volkswagen CAWA,2008-2011,1984,direct injection,170,280,cast iron r4,9.6,kkk k03,petrol,euro 4,~300 000,5w-30,Volkswagen,2008
675,Engine Volkswagen CAWB,2008-2011,1984,direct injection,200,280,cast iron r4,9.6,kkk k03,petrol,euro 4,~250 000,5w-30,Volkswagen,2008
690,Engine Alfa Romeo AR32310,2000-2010,1970,distributed injection,150,181,cast iron r4,10,no,petrol,euro 3,~200 000,10w-40,Alfa,2000
691,Engine Alfa Romeo 839A6000,2000-2002,2387,common rail,140,305,cast iron r5,18.45,garrett gta2256v,diesel,euro 3,~400 000,5w-30,Alfa,2000
692,Engine Alfa Romeo 937A5000,2003-2010,1910,common rail,150,305,cast iron r4,17.5,garrett gt1749v,diesel,euro 4,~300 000,5w-30,Alfa,2003
646,Engine MAN D2566,,11413,inline injection pump,,,,,,diesel,,,,MAN,
647,Engine DAF BE110C,,3920,direct injection,,,,,,diesel,euro 3,,,DAF,
648,Engine YaMZ-534,2012,,direct injection,,,,,,diesel,euro 4,,,YaMZ-,
649,Engine DAF 1160,,11600,inline injection pump,330,,,15:1,,,,,,DAF,
650,Engine MAN D2865,,9973,inline injection pump,,,,,,diesel,,,,MAN,
651,Engine Scania DC11,,,,,,,18:1,,,,,,Scania,
652,Engine Scania DSI14,1969,14181,,350,,,,,,euro 2,,,Scania,
653,Engine MAN D2066,,10518,,310-440,,,,,diesel 6-cylinder inline,euro 4,,,MAN,
679,Engine Alfa Romeo AR34102,1998-2002,1996,distributed injection,205,285,aluminum v6,8,garrett tb2538,petrol,euro 2,~200 000,10w-40,Alfa,1998
680,Engine Alfa Romeo AR32405,2000-2005,2492,distributed injection,192,218,aluminum v6,10.3,no,petrol,euro 3,~280 000,10w-40,Alfa,2000
681,Engine Alfa Romeo AR67301,1992-1997,2492,distributed injection,165,216,aluminum v6,10,no,petrol,euro 2,~240 000,10w-40,Alfa,1992
682,Engine Alfa Romeo AR16105,1999-2003,2959,distributed injection,218,270,aluminum v6,10,no,petrol,euro 3,~300 000,10w-40,Alfa,1999
684,Engine Alfa Romeo 939A5000,2005-2010,2198,direct injection,185,230,cast iron r4,11.3,no,petrol,euro 4,~220 000,5w-40,Alfa,2005
685,Engine Alfa Romeo 939B1000,2009-2014,1742,direct injection,200,320,aluminum r4,9.5,borgwarner k03,petrol,euro 5,~250 000,5w-40,Alfa,2009
686,Engine Alfa Romeo 960A1000,2013-2019,1742,direct injection,241,340 - 350,aluminum r4,9.25,borgwarner k04,petrol,euro 6,~230 000,5w-40,Alfa,2013
703,Engine Audi CAEA,2008-2014,1984,direct injection,180,320,cast iron r4,9.6,kkk k03,petrol,ulev 2,~250 000,5w-30,Audi,2008
704,Engine Audi CAEB,2008-2013,1984,direct injection,211,350,cast iron r4,9.6,kkk k03,petrol,ulev 2,~240 000,5w-30,Audi,2008
705,Engine Audi CJSB,2012-2018,1798,fsi + mpi,180,280,cast iron r4,9.6,ihi is12,petrol,euro 5,~250 000,5w-30,Audi,2012
706,Engine Audi CJEB,2011-2015,1798,fsi + mpi,170,320,cast iron r4,9.6,ihi is12,petrol,euro 5/6,~275 000,5w-30,Audi,2011
707,Engine Audi CJXC,2013-2018,1984,fsi + mpi,300,380,cast iron r4,9.3,ihi is38,petrol,euro 6,~220 000,0w-20,Audi,2013
708,Engine Audi CVKB,since 2016,1984,fsi + mpi,190,320,cast iron r4,11.6,ihi is20,petrol,euro 6,~250 000,0w-20,Audi,2016
709,Engine Audi CYRB,since 2015,1984,fsi + mpi,250,370,cast iron r4,9.6,ihi is20,petrol,euro 6,~240 000,0w-20,Audi,2015
710,Engine BMW S38B38,1992-1996,3795,injector,340 /6900 rpm,400 /4750 rpm,cast iron r6,10.5,,petrol,,~400 000,"5w-30, 5w-40, 10w-40, 15w-40",BMW,1992
711,Engine BMW B38,since 2013,1499,direct injection,,,aluminum r3,,yes,petrol,euro 6,~300 000,"0w-30, 0w-40, 5w-30, 5w-40",BMW,2013
712,Engine Volkswagen CJSA,since 2012,1798,fsi + mpi,180,250,cast iron r4,9.6,ihi is12,petrol,euro 5/6,~260 000,5w-30,Volkswagen,2012
713,Engine Volkswagen CHHA,2013-2018,1984,fsi + mpi,230,350,cast iron r4,9.6,ihi is20,petrol,euro 6,~230 000,0w-20,Volkswagen,2013
714,Engine Volkswagen CHHB,since 2013,1984,fsi + mpi,220,350,cast iron r4,9.6,ihi is20,petrol,euro 6,~240 000,5w-30,Volkswagen,2013
715,Engine Volkswagen CXDA,since 2016,1984,direct injection,220 - 235,350,cast iron r4,9.6,ihi is20,petrol,euro 5/6,~250 000,5w-30,Volkswagen,2016
716,Engine Volkswagen CZPA,since 2016,1984,fsi + mpi,180,320,cast iron r4,11.6,ihi is20,petrol,euro 6,~250 000,5w-30,Volkswagen,2016
717,Engine Volkswagen CZPB,since 2016,1984,fsi + mpi,190,320,cast iron r4,11.6,ihi is20,petrol,euro 6,~260 000,0w-20,Volkswagen,2016
718,Engine Chevrolet Z22D1,,2231,common rail,163 - 184,350 - 400,cast iron r4,16.3 &#8211; 16.5,vgt,diesel,euro 5,~300 000,5w-30,Chevrolet,
719,Engine Chevrolet Z20D1,2010-2015,1998,common rail,163,350 - 360,cast iron r4,16.5,vgt,diesel,euro 5,~320 000,5w-30,Chevrolet,2010
720,Engine Chevrolet Z20S1,2006-2011,1991,common rail,121 - 127,280 - 300,cast iron r4,17.5,vgt,diesel,euro 4,~400 000,5w-30,Chevrolet,2006
721,Engine Chevrolet Z20S,2006-2011,1991,common rail,150,320,cast iron r4,17.5,vgt,diesel,euro 4,~380 000,5w-30,Chevrolet,2006
722,Engine Chevrolet X25D1,2000-2014,2492,distributed injection,155,237,cast iron r6,9.8,no,92,euro 3/4,~260 000,5w-30,Chevrolet,2000
723,Engine Chevrolet X20D1,2006-2014,1993,distributed injection,141,195,cast iron r6,10.2,no,92,euro 3/4,~250 000,5w-30,Chevrolet,2006
724,Engine Daewoo A16DMS,1997-2002,1598,injector,105,145,cast iron r4,9.5,no,petrol,euro 2/3,~300 000,5w-30,Daewoo,1997
725,Engine Chevrolet F15S3,2002-2011,1498,distributed injection,86,130,cast iron r4,9.5,no,92,euro 3/4,~320 000,5w-30,Chevrolet,2002
726,Engine Daewoo A15SMS,1997-2016,1498,distributed injection,80 - 86,123 - 130,cast iron r4,9.5,no,petrol,euro 3,~300 000,5w-30,Daewoo,1997
727,Engine Chevrolet B15D2,,1485,distributed injection,106,141,cast iron r4,10.2,no,92,euro 5,~350 000,5w-30,Chevrolet,
728,Engine Chevrolet B12D1,2007-2015,1206,distributed injection,84,114,cast iron r4,10.5,no,92,euro 4/5,~300 000,5w-30,Chevrolet,2007
729,Engine Chevrolet B12S1,2002-2011,1150,distributed injection,72,104,cast iron r4,9.3,no,92,euro 3,~300 000,5w-30,Chevrolet,2002
730,Engine Chevrolet B10D1,,996,distributed injection,68,93,cast iron r4,9.8,no,92,euro 4/5,~250 000,5w-30,Chevrolet,
731,Engine Chevrolet B10S1,2002-2009,995,distributed injection,64,91,cast iron r4,9.3,no,92,euro 3/4,~200 000,5w-30,Chevrolet,2002
732,Engine Hyundai G6AV,1995-2005,2497,distributed injection,160 - 170,205 - 225,cast iron v6,10,no,92,euro 2,~200 000,5w-40,Hyundai,1995
733,Engine Daewoo F8CV,1991-2018,796,distributed injection,41 - 52,59 - 72,cast iron r3,9.3,no,petrol,euro 2/3/4,~220 000,5w-40,Daewoo,1991
734,Engine Suzuki F8B,since 1981,796,carburetor / injector,35 - 45,55 - 65,cast iron r3,8.7 &#8211; 9.3,no,petrol,euro 1/2,~250 000,5w-30,Suzuki,1981
735,Engine Daewoo F10CV,2002-2016,995,distributed injection,63,88,cast iron r4,9.3,no,petrol,euro 2/3/4,~220 000,5w-30,Daewoo,2002
736,Engine Daewoo G15MF,1994-2008,1498,injector,75,120,cast iron r4,8.6,no,petrol,euro 1/2,~250 000,5w-30,Daewoo,1994
737,Engine Daewoo A15MF,1994-2008,1498,injector,85 - 90,130 - 137,cast iron r4,9.2 &#8211; 9.5,no,petrol,euro 1/2,~300 000,5w-30,Daewoo,1994
738,Engine Daewoo T18SED,2002-2007,1799,distributed injection,121,165,cast iron r4,9.8,no,petrol,euro 3,~320 000,5w-30,Daewoo,2002
739,Engine Opel X18XE,1995-2000,1799,distributed injection,115,170,cast iron r4,10.8,no,92,euro 2,~350 000,5w-30,Opel,1995
740,Engine Daewoo X20SED,1997-2008,1998,distributed injection,121 - 133,175 - 185,cast iron r4,9.6,no,petrol,euro 2,~350 000,5w-30,Daewoo,1997
741,Engine Opel X20XEV,1994-2000,1998,distributed injection,136,185,cast iron r4,10.8,no,92,euro 2,~350 000,5w-30,Opel,1994
742,Engine Daewoo T22SED,1997-2002,2198,distributed injection,136,202,cast iron r4,9.6,no,petrol,euro 3,~340 000,5w-30,Daewoo,1997
743,Engine Opel X22XE,1995-1999,2198,distributed injection,135 - 140,200 - 205,cast iron r4,10.5,no,92,euro 2,~350 000,5w-30,Opel,1995
744,Engine Fiat 187A1000,2000-2012,1108,distributed injection,54,88,cast iron r4,9.6,no,petrol,euro 3/4,~240 000,5w-40,Fiat,2000
745,Engine Fiat 169A4000,since 2007,1242,distributed injection,69,102,cast iron r4,11.1,no,petrol,euro 4/5,~240 000,5w-40,Fiat,2007
746,Engine Fiat 176A8000,1993-2004,1242,distributed injection,73,106,cast iron r4,9.8,no,petrol,euro 2,~230 000,10w-40,Fiat,1993
747,Engine Fiat 188A4000,1997-2012,1242,distributed injection,60,102,cast iron r4,9.5,no,petrol,euro 2/3,~240 000,5w-40,Fiat,1997
748,Engine Fiat 188A5000,1999-2012,1242,distributed injection,80,114,cast iron r4,10.6,no,petrol,euro 3,~250 000,5w-40,Fiat,1999
749,Engine Fiat 199A6000,2005-2011,1368,distributed injection,95,125,cast iron r4,10.8,no,petrol,euro 4/5,~250 000,5w-40,Fiat,2005
750,Engine Fiat 350A1000,since 2005,1368,distributed injection,77,115,cast iron r4,11.1,no,petrol,euro 4/5,~250 000,5w-40,Fiat,2005
751,Engine Fiat 198A1000,2007-2010,1368,distributed injection,150 - 155,230,cast iron r4,9.8,ihi rhf3 vl36,petrol,euro 4,~230 000,5w-40,Fiat,2007
752,Engine Fiat 198A4000,2007-2020,1368,distributed injection,120,206,cast iron r4,9.8,ihi rhf3 vl37,petrol,euro 4/5,~250 000,5w-40,Fiat,2007
753,Engine Fiat 955A6000,2009-2015,1368,distributed injection,105,130,cast iron r4,10.8,no,petrol,euro 5,~220 000,5w-40,Fiat,2009
754,Engine Fiat 955A2000,2009-2014,1368,distributed injection,135,206,cast iron r4,9.8,garrett mgt1238z,petrol,euro 5,~200 000,5w-40,Fiat,2009
755,Engine Fiat 310A5011,since 2011,1598,distributed injection,110 - 115,150 - 160,aluminum r4,11,no,petrol,euro 5,~250 000,5w-30,Fiat,2011
756,Engine Fiat 370A0011,since 2010,1747,distributed injection,130 - 135,180 - 185,aluminum r4,11,no,petrol,euro 5,~270 000,5w-30,Fiat,2010
757,Engine Fiat 182A3000,1995-1999,1370,single injection,80,112,cast iron r4,9.8,no,petrol,euro 2,~200 000,5w-40,Fiat,1995
758,Engine Fiat 182A2000,1995-2000,1747,distributed injection,113,154,cast iron r4,10.3,no,petrol,euro 2,~275 000,5w-40,Fiat,1995
759,Engine Fiat 182A1000,1995-1999,1998,distributed injection,147,186,cast iron r5,10,no,petrol,euro 2,~300 000,5w-40,Fiat,1995
760,Engine Fiat 192A2000,2001-2007,2446,distributed injection,170,221,cast iron r5,10.5,no,petrol,euro 3,~300 000,5w-40,Fiat,2001
761,Engine Fiat 182A4000,1996-2001,1581,distributed injection,103,144,cast iron r4,10.1 &#8211; 10.5,no,petrol,euro 3,~280 000,5w-40,Fiat,1996
762,Engine Fiat 182B6000,2000-2012,1596,distributed injection,103,145,cast iron r4,10.5,no,petrol,euro 3/4,~300 000,5w-40,Fiat,2000
763,Engine Fiat 199B6000,since 2012,875,distributed injection,105,145,cast iron r2,10,mhi td025l4br,petrol,euro 6,~180 000,0w-30,Fiat,2012
764,Engine Peugeot DW12MTED4,2007-2013,2179,common rail,156,380,cast iron r4,16.6,garrett gtb1752vk,diesel,euro 4/5,~350 000,5w-30,Peugeot,2007
765,Engine Peugeot DW12CTED4,2010-2015,2179,common rail,204,450,cast iron r4,16,mitsubishi td04v,diesel,euro 5,~300 000,5w-30,Peugeot,2010
766,Engine Peugeot DW12BTED4,2006-2010,2179,common rail,163 - 170,370,cast iron r4,16.6,garrett dsgt12-14z,diesel,euro 4/5,~300 000,5w-30,Peugeot,2006
767,Engine Geely JLC-4G15,since 2016,1498,distributed injection,103 - 106,138 - 140,aluminum r4,10,no,petrol,euro 5,~280 000,5w-30,Geely,2016
768,Engine Geely JLY-4G15,since 2009,1498,direct injection,98 - 106,126 - 140,aluminum r4,9.8 &#8211; 10.3,no,petrol,euro 4/5,~300 000,5w-30,Geely,2009
769,Engine Geely JLC-4G18,since 2016,1799,distributed injection,131 - 133,170,aluminum r4,10,no,petrol,euro 5,~300 000,5w-30,Geely,2016
770,Engine Geely JLY-4G18,since 2007,1792,direct injection,125 - 133,162 - 172,aluminum r4,9.5 &#8211; 10.0,no,petrol,euro 4/5,~300 000,5w-30,Geely,2007
771,Engine Geely JLD-4G20,since 2010,1997,distributed injection,136 - 141,178 - 191,aluminum r4,9.5 &#8211; 10.3,no,petrol,euro 4/5,~300 000,5w-30,Geely,2010
772,Engine Geely JLD-4G24,since 2010,2378,distributed injection,148 - 156,210 - 225,aluminum r4,10,no,petrol,euro 4/5,~280 000,5w-30,Geely,2010
773,Engine Geely JLE-4G18TD,2015-2019,1799,direct injection,163,250,aluminum r4,9.6,yes,petrol,euro 5,~250 000,0w-40,Geely,2015
774,Engine Geely JLE-4G18TDB,since 2017,1799,direct injection,184,285 - 300,aluminum r4,9.7,yes,petrol,euro 5,~250 000,0w-40,Geely,2017
775,Engine Geely JLH-3G15TD,since 2018,1477,direct injection,150 - 180,255 - 265,aluminum r3,10.5,single turbo,petrol,euro 5/6,~250 000,0w-20,Geely,2018
776,Engine Volvo B3154T,since 2017,1477,direct injection,156,265,aluminum r3,10.5,single turbocharger,petrol,euro 6,~220 000,0w-20,Volvo,2017
777,Engine Geely JLH-4G20TDB,since 2019,1969,direct injection,238,350,aluminum r4,10.8,single turbo,petrol,euro 5/6,~250 000,0w-20,Geely,2019
778,Engine Volvo B4204T23,since 2015,1969,direct injection,249,350,aluminum r4,10.8,single turbocharger,petrol,euro 5/6,~280 000,0w-20,Volvo,2015
779,Engine Geely MR479Q,1998-2016,1342,distributed injection,84,110,aluminum r4,9.3,no,petrol,euro 3/4,~250 000,5w-30,Geely,1998
780,Engine Toyota 8A-FE,since 1998,1342,injector,85,110 - 120,cast iron r4,9.3,no,92,euro 3,~250 000,5w-30,Toyota,1998
781,Engine Geely MR479QA,2000-2016,1498,distributed injection,94,128,aluminum r4,9.6,no,petrol,euro 3/4,~275 000,5w-30,Geely,2000
782,Engine Volkswagen CDAA,2008-2015,1798,direct injection,160,250,cast iron r4,9.6,kkk k03,petrol,euro 5,~250 000,5w-30,Volkswagen,2008
783,Engine Volkswagen CDAB,2009-2018,1798,direct injection,152,250,cast iron r4,9.6,yes,petrol,euro 4,~200 000,"5w-30, 5w-40",Volkswagen,2009
784,Engine Volkswagen CCZA,2008-2015,1984,direct injection,200,280,cast iron r4,9.6,kkk k03,petrol,euro 5,~275 000,5w-30,Volkswagen,2008
785,Engine Volkswagen CCZB,2009-2015,1984,direct injection,211,280,cast iron r4,9.6,kkk k03,petrol,euro 5,~260 000,5w-30,Volkswagen,2009
786,Engine Volkswagen CCZD,2011-2015,1984,direct injection,180,280,cast iron r4,9.6,kkk k03,petrol,euro 5,~250 000,5w-30,Volkswagen,2011
787,Engine GM LSY,since 2018,1998,direct injection,230 - 240,350,aluminum r4,10,twin-scroll,petrol,euro 6,~250 000,0w-20,GM,2018
788,Engine GM LTG,since 2012,1998,direct injection,230 - 275,350 - 400,aluminum r4,9.5,twin-scroll,petrol,euro 5/6,~250 000,5w-30,GM,2012
789,Engine Opel A20NFT,since 2012,1998,direct injection,250 - 280,400,aluminum r4,9.5,twin-scroll,95,euro 5,~250 000,5w-30,Opel,2012
790,Engine GM LUV,2010-2020,1364,distributed injection,138 - 140,200,cast iron r4,9.5,mhi td025l,petrol,euro 5/6,~250 000,5w-30,GM,2010
791,Engine Opel A14NET/NEL,since 2009,1364,distributed injection,140,200,cast iron r4,9.5,yes,95,euro 5,~300 000,5w-30,Opel,2009
792,Engine GM LF1,2009-2016,2994,direct injection,250 - 275,285 - 305,aluminum v6,11.7,no,petrol,euro 5,~300 000,5w-30,GM,2009
793,Engine Opel A30XH,since 2010,2994,direct injection,250 - 275,285 - 305,aluminum v6,11.7,no,95,euro 5,~250 000,5w-30,Opel,2010
794,Engine GM LFX,2011-2020,3564,direct injection,300 - 325,355 - 375,aluminum v6,11.5,no,petrol,euro 5,~300 000,5w-30,GM,2011
795,Engine GM LGX,since 2015,3564,direct injection,310 - 335,365 - 385,aluminum v6,11.5,no,petrol,euro 5/6,~300 000,5w-30,GM,2015
796,Engine GM LLT,2007-2017,3564,direct injection,280 - 315,350 - 380,aluminum v6,11.3,no,petrol,euro 4/5,~280 000,5w-30,GM,2007
797,Engine GM LY7,2003-2012,3564,direct injection,240 - 275,305 - 345,aluminum v6,10.2,no,petrol,euro 4,~280 000,5w-30,GM,2003
798,Engine GM LE2,since 2016,1399,direct injection,150 - 155,240,aluminum r4,10,mhi td04l,petrol,euro 6,~250 000,5w-30,GM,2016
799,Engine GM LFV,since 2014,1490,direct injection,163 - 169,250,aluminum r4,10,mhi,petrol,euro 5/6,~250 000,5w-30,GM,2014
800,Engine GM LYX,since 2017,1490,direct injection,170,275,aluminum r4,10,mhi,petrol,euro 5/6,~240 000,5w-30,GM,2017
801,Engine GM LR4,1998-2007,4806,distributed injection,255 - 285,385 - 400,cast iron v8,9.4,no,petrol,euro 2,~450 000,5w-30,GM,1998
802,Engine GM LM7,1999-2007,5327,distributed injection,270 - 300,425 - 455,aluminum v8,9.5,no,petrol,euro 2,~500 000,5w-30,GM,1999
803,Engine GM LY2,2006-2017,4806,distributed injection,260 - 305,400 - 415,cast iron v8,9.1,no,petrol,euro 3/4,~400 000,5w-30,GM,2006
804,Engine GM LY5,2006-2014,5327,distributed injection,315 - 325,455 - 470,cast iron v8,9.9,no,petrol,euro 3/4,~400 000,5w-30,GM,2006
805,Engine GM LFA,2007-2013,5972,distributed injection,332 (379 together with electric motor),498,aluminum v8,10.8,no,petrol,euro 4,~400 000,5w-30,GM,2007
806,Engine GM L92,2006-2014,6162,distributed injection,390 - 410,565,aluminum v8,10.5,no,petrol,euro 3/4,~400 000,5w-30,GM,2006
807,Engine GM L86,2013-2020,6162,direct injection,409 - 426,610,aluminum v8,11.5,no,petrol,euro 5,~300 000,0w-20,GM,2013
808,Engine GM LH7,2017-2019,1598,common rail,136,320,aluminum r4,16,borgwarner bv38,diesel,euro 6,~250 000,5w-30,GM,2017
809,Engine Great Wall GW4G15,since 2008,1497,distributed injection,95 - 105,132 - 138,aluminum r4,10.5,no,petrol,euro 4,~250 000,5w-30,Great,2008
810,Engine Great Wall GW4G15B,since 2013,1497,distributed injection,143 - 150,203 - 210,aluminum r4,9.3,mhi tf035hm,petrol,euro 5,~200 000,5w-30,Great,2013
811,Engine Great Wall GW4G15K,since 2020,1497,distributed injection,143,210,aluminum r4,9.3,yes,petrol,euro 5,~220 000,5w-30,Great,2020
812,Engine Great Wall GW491QE,2001-2011,2237,distributed injection,105 - 110,190,cast iron r4,8.8,no,petrol,euro 2/3,~300 000,5w-40,Great,2001
813,Engine Toyota 4Y-E,1985-1996,2237,injector,100 - 110,180 - 190,cast iron r4,9,no,92,euro 2-4,~250 000,5w-30,Toyota,1985
814,Engine Great Wall 4G63S4M,since 2004,1997,distributed injection,116 - 122,175,cast iron r4,10,no,petrol,euro 4/5,~250 000,10w-40,Great,2004
815,Engine Great Wall 4G63S4T,since 2012,1997,distributed injection,150 - 177,250,cast iron r4,9.3,mhi td04hl,petrol,euro 4/5,~220 000,10w-40,Great,2012
816,Engine Great Wall 4G64S4M,since 2004,2351,distributed injection,128 - 130,190,cast iron r4,9.5,no,petrol,euro 4,~300 000,10w-40,Great,2004
817,Engine Great Wall 4G69S4N,since 2009,2378,direct injection,136,200 - 205,cast iron r4,9.8,no,petrol,euro 4/5,~320 000,10w-40,Great,2009
818,Engine Great Wall GW4B15,since 2018,1499,direct injection,150 - 170,280 - 285,aluminum r4,9.6,yes,petrol,euro 5,~200 000,0w-30,Great,2018
819,Engine Great Wall GW4B15A,since 2020,1499,direct injection,150 - 170,280 - 285,aluminum r4,9.6,yes,petrol,euro 5,~220 000,0w-30,Great,2020
820,Engine Great Wall GW4B15D,since 2021,1499,direct injection,150,230,aluminum r4,11.8,yes,petrol,euro 5,~200 000,0w-20,Great,2021
821,Engine Great Wall GW4C20,2013-2019,1967,direct injection,190 - 218,310 - 324,cast iron r4,9.6,borgwarner k03,petrol,euro 5,~220 000,5w-40,Great,2013
822,Engine Great Wall GW4C20A,since 2017,1967,direct injection,245,350,cast iron r4,10,borgwarner k04,petrol,euro 5,~220 000,5w-40,Great,2017
823,Engine Great Wall GW4C20B,since 2019,1967,direct injection,218,380,cast iron r4,9.6,yes,petrol,euro 6,~230 000,5w-30,Great,2019
824,Engine Great Wall GW4C20NT,since 2018,1967,direct injection,190,340,cast iron r4,9.6,yes,petrol,euro 5,~240 000,5w-40,Great,2018
825,Engine Great Wall GW2.8TC,2006-2011,2771,common rail,95,225,cast iron r4,17.2,mhi tf035hm,diesel,euro 3,~250 000,10w-40,Great,2006
826,Engine Isuzu 4JB1,1988-1998,2771,direct injection,,,cast iron r4,,,diesel,,~450 000,5w-40,Isuzu,1988
827,Engine Great Wall GW4D20,since 2010,1996,common rail,140 - 150,310,cast iron r4,16.7,borgwarner bv43,diesel,euro 4/5,~250 000,"5w-40, 10w-40",Great,2010
828,Engine Great Wall GW4D20B,since 2011,1996,common rail,140,305,cast iron r4,16.7,borgwarner bv43,diesel,euro 5,~220 000,0w-30,Great,2011
829,Engine Great Wall GW4D20D,since 2018,1996,common rail,143,315,cast iron r4,16.3,garrett gtc1446vz,diesel,euro 5,~270 000,5w-30,Great,2018
830,Engine Great Wall GW4D20T,since 2017,1996,common rail,190,420,cast iron r4,16,borgwarner r2s,diesel,euro 5,~250 000,5w-30,Great,2017
831,Engine Hyundai G4EA,1994-1999,1341,carburetor,71,110,cast iron r4,9.5,no,92,euro 1,~300 000,"5w-40, 10w-40",Hyundai,1994
832,Engine Hyundai G4EH,1994-2005,1341,distributed injection,60 - 85,105 - 119,cast iron r4,9.5,no,92,euro 2/3,~300 000,"5w-40, 10w-40",Hyundai,1994
833,Engine Hyundai-Kia G4EE,2005-2012,1399,distributed injection,75 / 97,125,cast iron r4,10,no,92,euro 4,~350 000,"5w-30, 5w-40",Hyundai-Kia,2005
834,Engine Hyundai G4EB,1999-2012,1495,distributed injection,90,132,cast iron r4,10,no,92,euro 2/3,~350 000,"5w-40, 10w-40",Hyundai,1999
835,Engine Hyundai G4EC,1999-2012,1495,distributed injection,102,134,cast iron r4,10,no,92,euro 2/3,~350 000,"5w-40, 10w-40",Hyundai,1999
836,Engine Hyundai G4ER,1995-2000,1495,distributed injection,99,134,cast iron r4,9.5,no,92,euro 2,~300 000,5w-40,Hyundai,1995
837,Engine Hyundai G4EK,1991-2000,1495,distributed injection,,,cast iron r4,,,92,euro 2,~300 000,"5w-40, 10w-40",Hyundai,1991
838,Engine Hyundai-Kia G4ED,2000-2012,1599,distributed injection,103 - 112,141 - 146,cast iron r4,10,no,92,euro 3/4,~350 000,"5w-30, 5w-40",Hyundai-Kia,2000
839,Engine Hyundai G4GR,1995-2001,1599,distributed injection,114,145,cast iron r4,9.85,no,92,euro 2,~300 000,5w-40,Hyundai,1995
840,Engine Hyundai-Kia G4GB,2001-2010,1795,distributed injection,122 - 132,162 - 166,cast iron r4,10,no,92,euro 3/4,~400 000,"5w-30, 5w-40",Hyundai-Kia,2001
841,Engine Hyundai G4GM,1995-2000,1795,distributed injection,128 - 132,165 - 170,cast iron r4,10,no,92,euro 2,~320 000,5w-40,Hyundai,1995
842,Engine Hyundai G4GF,1996-2002,1975,distributed injection,139,182,cast iron r4,10.3,no,92,euro 2,~330 000,5w-40,Hyundai,1996
843,Engine Hyundai G6BP,1998-2005,1998,distributed injection,137 - 148,177 - 183,aluminum v6,10,no,92,euro 2/3,~250 000,5w-40,Hyundai,1998
844,Engine Hyundai-Kia G6BV,1998-2005,2493,distributed injection,160 - 170,230,aluminum v6,10,no,92,euro 3,~250 000,5w-40,Hyundai-Kia,1998
845,Engine Hyundai-Kia G6BA,1999-2012,2656,distributed injection,165 - 182,230 - 250,aluminum v6,10,no,92,euro 3/4,~400 000,"5w-30, 5w-40",Hyundai-Kia,1999
846,Engine Hyundai G3HA,2011-2019,814,distributed injection,56,75,cast iron r3,10.1,no,92,euro 5,~200 000,5w-30,Hyundai,2011
847,Engine Hyundai-Kia G4HA,1997-2003,798,distributed injection,,,cast iron r4,,,92,euro 2,~200 000,5w-30,Hyundai-Kia,1997
848,Engine Audi DECA,since 2017,2894,direct injection,450,600,aluminum v6,10,twin-turbo,petrol,euro 6,~200 000,0w-20,Audi,2017
849,Engine Nissan VR30DDTT,,2997,direct injection,,,aluminum v6,10.3,two garrett mgt1446,98,euro 5/6,~200 000,0w-20,Nissan,
850,Engine Nissan VQ35DD,,3498,neo-di direct injection,284,351,aluminum v6,11,no,98,euro 5,~250 000,5w-30,Nissan,
851,Engine Nissan VQ25HR,,2495,injector,220 - 235,250 - 265,aluminum v6,10.3,no,95,euro 4/5,~500 000,"5w-30, 5w-40",Nissan,
852,Engine Nissan VK50VE,2008-2014,5026,distributed injection,390 - 420,500 - 520,aluminum v8,10.9,no,95,euro 4/5,~400 000,"5w-30, 5w-40",Nissan,2008
853,Engine Nissan VG33E,1995-,3274,distributed injection,170 - 180,265 - 275,cast iron v6,8.9 &#8211; 9.0,no,92,euro 2/3,~300 000,5w-30,Nissan,1995
854,Engine Nissan VG30E,1983-1999,2960,distributed injection,150 - 180,240 - 260,cast iron v6,9.0 &#8211; 11.0,no,92,euro 2/3,~390 000,5w-30,Nissan,1983
855,Engine Nissan QR25DER,2013-2017,2488,distributed injection,234 (253 together with electric motor),330 (369 together with electric motor),aluminum r4,9.1,eaton tvs compressor,95,euro 5,~250 000,5w-30,Nissan,2013
856,Engine Nissan KR20DDET,2017-,1970 &#8211; 1997,combined injection,250 - 272,380,aluminum r4,8.0 &#8211; 14.0,garrett mgt2056z,95,euro 6,~220 000,5w-30,Nissan,2017
857,Engine Isuzu 6VD1,1991-2004,3165,injector,,,aluminum v6,,no,petrol,,~350 000,5w-30,Isuzu,1991
858,Engine Isuzu 6VE1,1998-2004,3494,,215,,aluminum v6,,no,petrol,,~330 000,5w-30,Isuzu,1998
859,Engine Isuzu 4ZD1,1985-1997,2255,carburetor,90 - 110,165 - 185,cast iron r4,8.3,no,petrol,euro 1,~275 000,5w-40,Isuzu,1985
860,Engine Isuzu 4ZE1,1988-1998,2559,injector,110 - 120,195 - 205,cast iron r4,8.3,no,petrol,euro 1,~300 000,5w-40,Isuzu,1988
861,Engine Isuzu 4JX1,1998-2004,2999,heui,145 - 160,295 - 335,cast iron r4,19,ihi rhf5,diesel,euro 2/3,~300 000,5w-30,Isuzu,1998
862,Engine Isuzu 4JG2,1991-2000,3059,prechambers,,,cast iron r4,,,diesel,,~450 000,5w-40,Isuzu,1991
863,Engine Jaguar AJ20,2001-2008,2099,distributed injection,156,196 - 201,aluminum v6,10.75,no,petrol,euro 3,~300 000,5w-30,Jaguar,2001
864,Engine Jaguar AJ25,2001-2009,2495,distributed injection,195 - 200,240 - 250,aluminum v6,10.5,no,petrol,euro 3,~350 000,5w-30,Jaguar,2001
865,Engine Jaguar AJ30,1999-2011,2967,distributed injection,230 - 240,280 - 300,aluminum v6,10.5,no,petrol,euro 3,~370 000,5w-30,Jaguar,1999
866,Engine Jaguar AJ126,2012-2019,2995,direct injection,340 - 400,450 - 460,aluminum v6,10.5,eaton m112,petrol,euro 5,~300 000,5w-20,Jaguar,2012
867,Engine Land Rover 306PS,since 2012,2995,direct injection,340 - 400,450 - 460,aluminum v6,10.5,eaton m112,petrol,euro 5,~280 000,0w-20,Land,2012
868,Engine Jaguar AJ27,1998-2003,,distributed injection,,,aluminum v8,,no,petrol,euro 2/3,~400 000,5w-30,Jaguar,1998
869,Engine Jaguar AJ27S,1999-2003,3996,distributed injection,360 - 370,505 - 525,aluminum v8,8.9,eaton m112,petrol,euro 2/3,~300 000,5w-30,Jaguar,1999
870,Engine Jaguar AJ28,1999-2002,3996,distributed injection,276,378,aluminum v8,10.75,no,petrol,euro 3,~400 000,5w-30,Jaguar,1999
871,Engine Jaguar AJ33,2002-2009,,distributed injection,,,aluminum v8,11,no,petrol,euro 3,~450 000,5w-30,Jaguar,2002
872,Engine Jaguar AJ33S,2002-2009,4196,distributed injection,395,540,aluminum v8,9.1,eaton m112,petrol,euro 3,~350 000,5w-30,Jaguar,2002
873,Engine Land Rover 428PS,2005-2009,4197,distributed injection,390 - 396,550,aluminum v8,9.1,eaton m112,petrol,euro 4,~300 000,5w-30,Land,2005
874,Engine Jaguar AJ34,2003-2009,4196,distributed injection,305,420,aluminum v8,11,no,petrol,euro 4,~350 000,5w-30,Jaguar,2003
875,Engine Land Rover 448PN,2004-2009,4394,distributed injection,300 - 305,425 - 440,aluminum v8,10.5,no,petrol,euro 4,~400 000,5w-30,Land,2004
876,Engine Jaguar AJ34S,2006-2009,4196,distributed injection,420,560,aluminum v8,9.1,eaton m112,petrol,euro 4,~300 000,5w-30,Jaguar,2006
877,Engine Jaguar AJ133,2009-2014,4999,direct injection,385,515,aluminum v8,11.5,no,petrol,euro 5,~400 000,5w-20,Jaguar,2009
878,Engine Land Rover 508PN,2009-2014,4999,direct injection,375 - 385,510 - 515,aluminum v8,11.5,no,petrol,euro 5,~400 000,5w-20,Land,2009
879,Engine Jaguar AJ133S,since 2009,4999,direct injection,450 - 600,580 - 700,aluminum v8,9.5,eaton m112,petrol,euro 5,~350 000,5w-20,Jaguar,2009
880,Engine Land Rover 508PS,since 2009,4999,direct injection,450 - 600,575 - 700,aluminum v8,9.5,eaton m112,petrol,euro 5,~300 000,5w-20,Land,2009
881,Engine Jaguar AJ200P,since 2017,1997,direct injection,200 - 300,320 - 400,aluminum r4,9.5 &#8211; 10.5,twin-scroll,petrol,euro 6,~250 000,0w-20,Jaguar,2017
882,Engine Land Rover PT204,since 2017,1997,direct injection,200 - 300,320 - 400,aluminum r4,9.5 &#8211; 10.5,twin-scroll,petrol,euro 6,~240 000,0w-20,Land,2017
883,Engine Jaguar AJD,2003-2009,2720,common rail,207,435,cast iron v6,17.3,two garrett gta1544vk,diesel,euro 4,~240 000,5w-40,Jaguar,2003
884,Engine Land Rover 276DT,2004-2010,2720,common rail,,,cast iron v6,17.3,,diesel,euro 4,~250 000,5w-40,Land,2004
885,Engine Peugeot DT17TED4,2004-2010,2720,common rail,204,440,cast iron v6,17.3,double,diesel,euro 4,~250 000,5w-30,Peugeot,2004
886,Engine Jaguar AJV6D,since 2009,2993,common rail,240 - 300,500 - 700,cast iron v6,16.1,garrett gtb1749vk + gt1444z,diesel,euro 4/5,~280 000,5w-30,Jaguar,2009
887,Engine Land Rover 306DT,since 2009,2993,common rail,,,cast iron v6,16.1,,diesel,euro 4/5,~350 000,5w-30,Land,2009
888,Engine Peugeot DT20C,2009-2013,2993,common rail,241,450,cast iron v6,16.4,double,diesel,euro 5,~300 000,5w-30,Peugeot,2009
889,Engine Jaguar AJ200D,since 2015,1999,common rail,,,aluminum r4,15.5,,diesel,euro 6,~260 000,0w-30,Jaguar,2015
890,Engine Land Rover 204DTA,since 2017,1999,common rail,200 - 240,430 - 500,aluminum r4,15.5,borgwarner r2s,diesel,euro 6,~220 000,0w-30,Land,2017
891,Engine Land Rover 204DTD,since 2015,1999,common rail,150 - 180,380 - 430,aluminum r4,15.5,mitsubishi td04,diesel,euro 6,~250 000,0w-30,Land,2015
892,Engine Kia A3E,1999-2005,1343,distributed injection,75 - 82,113 - 116,cast iron r4,9.5,no,petrol,euro 2,~220 000,5w-30,Kia,1999
893,Engine Kia A5D,1999-2005,1493,distributed injection,98 - 108,135 - 140,cast iron r4,9.5,no,petrol,euro 3,~230 000,5w-30,Kia,1999
894,Engine Kia BFD,1992-2001,1498,distributed injection,88 - 107,135 - 147,cast iron r4,9.3 &#8211; 9.4,no,petrol,euro 2,~240 000,5w-30,Kia,1992
895,Engine Kia S5D,2000-2004,1493,distributed injection,95 - 108,132 - 136,cast iron r4,9.3,no,petrol,euro 3,~240 000,5w-30,Kia,2000
896,Engine Kia A6D,2001-2005,1594,distributed injection,100 - 105,140 - 145,cast iron r4,9.5,no,petrol,euro 3,~240 000,5w-30,Kia,2001
897,Engine Kia S6D,2002-2011,1594,distributed injection,101 - 105,141 - 145,cast iron r4,9.5,no,petrol,euro 3,~250 000,5w-30,Kia,2002
898,Engine Kia T8D,1995-2006,1793,distributed injection,109 - 126,152 - 162,cast iron r4,9.5,no,petrol,euro 2/3,~250 000,5w-30,Kia,1995
899,Engine Kia FED,1993-2006,1998,distributed injection,128 - 140,171 - 181,cast iron r4,9.2 &#8211; 9.5,no,petrol,euro 2/3,~250 000,5w-30,Kia,1993
900,Engine Kia FEE,1994-2003,1998,distributed injection,95,157,cast iron r4,8.6,no,petrol,euro 2/3,~240 000,5w-30,Kia,1994
901,Engine Hyundai-Kia G4HE,2004-2011,999,distributed injection,62,86,cast iron r4,9.7,no,92,euro 3/4,~240 000,5w-30,Hyundai-Kia,2004
902,Engine Hyundai-Kia G4HG,2004-2013,1086,distributed injection,,,cast iron r4,10.1,no,92,,~250 000,5w-30,Hyundai-Kia,2004
903,Engine Hyundai-Kia G4FD,since 2009,1591,direct injection,130 - 140,160 - 167,aluminum r4,11,no,95,euro 5/6,~300 000,"0w-30, 5w-30",Hyundai-Kia,2009
904,Engine Land Rover 204PT,2011-2019,1999,direct injection,200 - 240,300 - 340,aluminum r4,10,borgwarner k03,petrol,euro 4/5,~220 000,5w-30,Land,2011
905,Engine Volvo B4204T6,2010-2011,1999,direct injection,203,300,aluminum r4,10,borgwarner k03,petrol,euro 5,~250 000,0w-30,Volvo,2010
906,Engine Land Rover 406PN,2005-2009,4009,distributed injection,219,346,cast iron v6,9.7,no,petrol,euro 3,~400 000,5w-30,Land,2005
907,Engine Land Rover 42D,1994-2002,3946,distributed injection,185 - 190,320 - 340,aluminum v8,9.35,no,petrol,euro 2,~200 000,5w-40,Land,1994
908,Engine Land Rover 46D,1994-2004,4552,distributed injection,218 - 228,377 - 407,aluminum v8,9.35,no,petrol,euro 2,~180 000,5w-40,Land,1994
909,Engine Land Rover 306PN,2006-2012,3192,distributed injection,233,320,aluminum r6,10.8,no,petrol,euro 4/5,~320 000,5w-30,Land,2006
910,Engine Volvo B6324S,2006-2010,3192,injector,238,320,aluminum r6,10.8,no,petrol,euro 4,~350 000,5w-30,Volvo,2006
911,Engine Land Rover 204D3,2000-2006,1951,common rail,109 - 112,260,cast iron r4,18,garrett gt1749v,diesel,euro 3,~300 000,5w-40,Land,2000
912,Engine Land Rover 256T,1994-2002,2497,prechambers,136,270,cast iron r6,22,mitsubishi td04-11g-4,diesel,euro 1/2,~300 000,5w-40,Land,1994
913,Engine Land Rover 306D1,2002-2006,2926,common rail,177,390,cast iron r6,18,garrett gt2256v,diesel,euro 3,~350 000,5w-40,Land,2002
914,Engine Land Rover 224DT,2006-2016,2179,common rail,150 - 200,400 - 450,cast iron r4,15.8 &#8211; 16.5,garrett gtb1752vk,diesel,euro 4/5,~400 000,5w-30,Land,2006
915,Engine Land Rover 368DT,2006-2010,3628,common rail,272,640,cast iron v8,17.3,two borgwarner bv39s,diesel,euro 4,~350 000,5w-30,Land,2006
916,Engine Land Rover 448DT,2010-2020,4367,common rail,313 - 339,700 - 740,cast iron v8,16.1,garrett gt1549 + vtc,diesel,euro 5/6,~400 000,5w-30,Land,2010
917,Engine Land Rover 10P 2.5 TD5,1998-2002,2495,pump-injectors,122 - 136,300 - 315,cast iron r5,19.5,garrett gt2052s,diesel,euro 2,~350 000,5w-30,Land,1998
918,Engine Land Rover 15P 2.5 TD5,2002-2007,2495,injector pump,122 - 139,300 - 315,cast iron r5,19.5,garrett gt2052s,diesel,euro 3,~400 000,5w-30,Land,2002
919,Engine Toyota A25A-FKS,since 2017,2487,combined injection d4-s,200 - 210,240 - 250,aluminum r4,13,no,95,euro 6,~250 000,0w-20,Toyota,2017
920,Engine Toyota A25A-FXS,since 2017,2487,combined injection d4-s,174 - 189,219 - 237,aluminum r4,14,no,95,euro 6,~250 000,0w-20,Toyota,2017
921,Engine Toyota 6AR-FSE,since 2014,1998,combined injection d4-s,150 - 165,200,aluminum r4,12.7,no,95,euro 4/5,~250 000,5w-30,Toyota,2014
922,Engine Toyota 8AR-FTS,since 2014,1998,estec d-4st,231 - 245,350,aluminum r4,10,twin scroll,98,euro 5,~200 000,5w-30,Toyota,2014
923,Engine Toyota 2AZ-FXE,since 2000,2362,injector mpi,131 - 150,190,aluminum r4,12.5,no,95,euro 4/5,~250 000,5w-30,Toyota,2000
924,Engine Toyota 3GR-FSE,2003-2012,2994,direct injection,,,aluminum v6,,,95,euro 4,~400 000,"5w-20, 5w-30",Toyota,2003
925,Engine Toyota 2GR-FSE,2004-2020,3456,combined injection d-4s,,,aluminum v6,,,95,euro 5,~400 000,"5w-20, 5w-30",Toyota,2004
926,Engine Toyota 2GR-FKS,since 2015,3456,combined injection,280 - 315,360 - 380,aluminum v6,11.8,no,98,euro 5/6,~300 000,0w-20,Toyota,2015
927,Engine Toyota 2GR-FXE,2009-2020,3456,,,,aluminum v6,,no,,euro 5,~400 000,"5w-20, 5w-30",Toyota,2009
928,Engine Toyota 2GR-FXS,since 2015,3456,combined injection d4-s,263,335,aluminum v6,13,no,98,euro 6,~300 000,0w-20,Toyota,2015
929,Engine Toyota 8GR-FKS,since 2017,3456,combined injection,315,380,aluminum v6,11.8,no,98,euro 6,~300 000,0w-20,Toyota,2017
930,Engine Toyota 8GR-FXS,since 2017,3456,combined injection,299,356,aluminum v6,13,no,98,euro 6,~300 000,0w-20,Toyota,2017
931,Engine Mini W10B14A,2001-2006,1397,distributed injection,75,122,cast iron r4,10.5,no,petrol,euro 4,~280 000,5w-30,Mini,2001
932,Engine Mini W10B16A,2001-2008,1598,distributed injection,,,cast iron r4,10.5,no,petrol,euro 4,~300 000,5w-30,Mini,2001
933,Engine Mini W11B16A,2001-2008,1598,distributed injection,,,cast iron r4,8.3,eaton m45,petrol,euro 4,~250 000,5w-30,Mini,2001
934,Engine Mini N12B14A,2007-2010,1397,distributed injection,,,aluminum r4,11,no,petrol,euro 4,~250 000,5w-30,Mini,2007
935,Engine Peugeot EP3,2007-2013,1397,injector,95,136,aluminum r4,11,no,petrol,euro 4,~200 000,"5w-30, 5w-40",Peugeot,2007
936,Engine Mini N12B16A,2006-2010,1598,distributed injection,,,aluminum r4,11,no,petrol,euro 4,~230 000,5w-30,Mini,2006
937,Engine Peugeot EP6,2006-2013,1598,injector,,160,aluminum r4,11,no,petrol,euro 4,~200 000,"5w-30, 5w-40",Peugeot,2006
938,Engine Mini N16B16A,2010-2017,1598,distributed injection,,,aluminum r4,11,no,petrol,euro 5,~250 000,5w-30,Mini,2010
939,Engine Peugeot EP6C,2009-2018,1598,injector,,160,aluminum r4,11,no,petrol,euro 5,~200 000,"5w-30, 5w-40",Peugeot,2009
940,Engine Mini N14B16A,2006-2010,1598,direct injection,174,240,aluminum r4,10.5,borgwarner k03,petrol,euro 4,~200 000,5w-30,Mini,2006
941,Engine Peugeot EP6DTS,2007-2018,1598,direct injection,,,aluminum r4,,borgwarner k03,petrol,euro 4,~200 000,5w-30,Peugeot,2007
942,Engine Mini N14B16C,2008-2012,1598,direct injection,211,260,aluminum r4,10,borgwarner k03,petrol,euro 4,~180 000,5w-30,Mini,2008
943,Engine Mini N18B16A,2010-2017,1598,direct injection,184 - 190,240 - 260,aluminum r4,10.5,borgwarner k03,petrol,euro 5,~220 000,5w-30,Mini,2010
944,Engine Mini N18B16C,2012-2017,1598,direct injection,,260,aluminum r4,10,borgwarner k03,petrol,euro 5,~200 000,5w-30,Mini,2012
945,Engine Peugeot EP6CDTX,2010-2015,1598,direct injection,200,275,aluminum r4,10,borgwarner k03,petrol,euro 5,~200 000,5w-30,Peugeot,2010
946,Engine Mini B38A12A,2014-2017,1198,direct injection,,,aluminum r3,11,continental 7633795,petrol,euro 6,~250 000,5w-30,Mini,2014
947,Engine Mini B38A15A,since 2014,1499,direct injection,,,aluminum r3,11,continental 7633795,petrol,euro 6,~270 000,5w-30,Mini,2014
948,Engine Mini B48A20A,since 2014,1998,direct injection,192,280,aluminum r4,11,mhi td04lr6w,petrol,euro 6,~250 000,5w-30,Mini,2014
949,Engine Mini B48A20B,since 2014,1998,direct injection,,,aluminum r4,,mhi td04lr6w,petrol,euro 6,~230 000,5w-30,Mini,2014
950,Engine Mini W17D14,2003-2006,1364,common rail,,,aluminum r4,,,diesel,euro 3,~250 000,5w-30,Mini,2003
951,Engine Toyota 1ND-TV,since 2002,1364,common rail,68 - 90,170 - 205,aluminum r4,16.5 &#8211; 17.9,yes,diesel,euro 3/4/5,~300 000,"0w-30, 5w-30",Toyota,2002
952,Engine Mini W16D16,2007-2011,1560,common rail,109,240,aluminum r4,18,garrett gt1544v,diesel,euro 4,~290 000,5w-30,Mini,2007
953,Engine Mini N47C16A,2010-2017,1598,common rail,,,aluminum r4,16.5,borgwarner bv35,diesel,euro 5,~240 000,5w-30,Mini,2010
954,Engine Mini N47C20A,2010-2017,1995,common rail,,,aluminum r4,16.5,ihi rhv4-t39,diesel,euro 5,~250 000,5w-30,Mini,2010
955,Engine Mini B37C15A,since 2014,1496,common rail,,,aluminum r3,16.5,mahle bv065,diesel,euro 6,~270 000,5w-30,Mini,2014
956,Engine Mini B47C20A,since 2014,1995,common rail,,,aluminum r4,16.5,,diesel,euro 6,~280 000,5w-30,Mini,2014
957,Engine Mitsubishi 3A90,since 2012,999,distributed injection,71,88,aluminum r3,11.5,no,95,euro 5/6,~200 000,5w-30,Mitsubishi,2012
958,Engine Mitsubishi 3A91,2004-2012,1124,distributed injection,75,100,aluminum r3,10.5,no,95,euro 4/5,~220 000,5w-30,Mitsubishi,2004
959,Engine Mitsubishi 3A92,since 2012,1193,distributed injection,78 - 80,106,aluminum r3,10.5 &#8211; 11.0,no,95,euro 5/6,~230 000,5w-30,Mitsubishi,2012
960,Engine Mitsubishi 3B20,2006-2020,659,distributed injection,49 - 52,56 - 59,aluminum r3,10.8 &#8211; 12.0,no,95,euro 4/5,~200 000,5w-30,Mitsubishi,2006
961,Engine Mitsubishi 3B20T,2006-2020,659,distributed injection,64,94 - 100,aluminum r3,8.8 &#8211; 9.0,mhi td02m2,95,euro 4/5,~180 000,5w-30,Mitsubishi,2006
962,Engine Mitsubishi 3B21,2006-2014,999,distributed injection,61 - 71,89 - 92,aluminum r3,11.4,no,95,euro 4/5,~200 000,5w-30,Mitsubishi,2006
963,Engine Mitsubishi 3B21T,2006-2014,999,distributed injection,84 - 102,120 - 147,aluminum r3,10,mhi td025m1,95,euro 4/5,~200 000,5w-30,Mitsubishi,2006
964,Engine Mitsubishi 3G83,1990-2014,657,,,,cast iron r3,,,92,,~180 000,5w-20,Mitsubishi,1990
965,Engine Mitsubishi 4A31,1995-2001,1094,,,,cast iron r4,,no,,,~220 000,5w-30,Mitsubishi,1995
966,Engine Mitsubishi 4A90,since 2004,1332,injector,95,125,aluminum r4,10.5,no,92,euro 4/5,~200 000,5w-30,Mitsubishi,2004
967,Engine Mitsubishi 4A91,since 2004,1499,injector,109,145,aluminum r4,10.5,no,92,euro 4/5,~225 000,5w-30,Mitsubishi,2004
968,Engine Mitsubishi 4A92,since 2010,1590,injector,117,154,aluminum r4,11,no,95,euro 4/5,~250 000,5w-30,Mitsubishi,2010
969,Engine Mitsubishi 4B10,2007-2017,1798,distributed injection,140 - 143,172 - 178,aluminum r4,10.5,no,92,euro 4/5,~350 000,"5w-30, 5w-40",Mitsubishi,2007
970,Engine Hyundai-Kia G4KC,2004-2010,2359,distributed injection,160 - 165,219 - 226,aluminum r4,10.5,no,92,euro 3/4,~350 000,"5w-30, 5w-40",Hyundai-Kia,2004
971,Engine Hyundai-Kia G4KE,2008-2019,2359,distributed injection,170 - 180,220 - 230,aluminum r4,10.5,no,92,euro 4/5,~300 000,"5w-30, 5w-40",Hyundai-Kia,2008
972,Engine Mitsubishi 4B40,since 2017,1499,combined injection,150 - 163,250,aluminum r4,10,yes,92,euro 5/6,~250 000,5w-30,Mitsubishi,2017
973,Engine Mitsubishi 4G19,2002-2012,1343,distributed injection,90,121,cast iron r4,10,no,92,euro 4/5,~300 000,"5w-30, 5w-40",Mitsubishi,2002
974,Engine Nissan YD22DDTi,2001-2007,2184,common rail,,,cast iron r4,,,diesel,euro 3/4,~300 000,5w-30,Nissan,2001
975,Engine Nissan YD22DD / YD22DDT,1998-2006,2184,neo-di direct injection,,,cast iron r4,18,,diesel,euro 3/4,~300 000,5w-30,Nissan,1998
976,Engine Nissan TD42,,4169,vortex chamber,,,cast iron r6,,,diesel,euro 1/2/3,~500 000,10w-30,Nissan,
977,Engine Nissan TD27ETi,1995-2001,2663,vortex chamber,130,280,cast iron r4,22,yes,diesel,euro 2/3,~350 000,10w-30,Nissan,1995
978,Engine Nissan TD27,,2663,vortex chamber,,,cast iron r4,21.8 &#8211; 22.0,,diesel,euro 1/2/3,~400 000,10w-30,Nissan,
979,Engine Nissan TD25,1985-2015,2488,vortex chamber,75 - 80,160 - 170,cast iron r4,22,no,diesel,euro 1/2/3,~450 000,10w-30,Nissan,1985
980,Engine Nissan TD23,1985-1995,2289,vortex chamber,75,150,cast iron r4,22,no,diesel,euro 1/2,~440 000,10w-30,Nissan,1985
981,Engine Nissan RD28ETi,1997-1999,2825,vortex chamber,130 - 135,250 - 285,cast iron r6,21 &#8211; 22,garrett gt17,diesel,euro 2/3,~300 000,5w-30,Nissan,1997
982,Engine Nissan RD28T,1987-1998,2825,vortex chamber,115 - 125,235 - 255,cast iron r6,19 &#8211; 22,one garrett turbine,diesel,euro 1/2,~320 000,10w-40,Nissan,1987
983,Engine Nissan RD28,1987-1999,2825,vortex chamber,95 - 100,175 - 180,cast iron r6,21.2 &#8211; 22.0,no,diesel,euro 1/2,~350 000,10w-40,Nissan,1987
984,Engine Nissan QD32ETi,,3153,vortex chamber,150,340,cast iron r4,22,hitachi ht12,diesel,euro 2,~400 000,10w-30,Nissan,
985,Engine Nissan QD32,,3153,vortex chamber,100 - 110,210 - 220,cast iron r4,22,no,diesel,euro 2,~450 000,10w-30,Nissan,
986,Engine Nissan CD20T,1991-2002,1973,vortex chamber,90,174,cast iron r4,22.2,yes,diesel,euro 1/2,~230 000,10w-30,Nissan,1991
987,Engine Nissan CD20,1990-2000,1973,vortex chamber,75,132,cast iron r4,22.2,no,diesel,euro 1/2,~275 000,10w-30,Nissan,1990
988,Engine Nissan CD17,1981-1998,1680,vortex chamber,55 - 60,104,cast iron r4,21.8 &#8211; 22.2,no,diesel,euro 1/2,~250 000,10w-30,Nissan,1981
989,Engine Opel A12XER,2009-2014,1229,distributed injection,85,115,cast iron r4,10.5,no,95,euro 5,~240 000,5w-30,Opel,2009
990,Engine Opel A14XER,since 2009,1398,distributed injection,100,130,cast iron r4,10.5,no,95,euro 5,~250 000,5w-30,Opel,2009
991,Engine Opel A16LET,2008-2013,1598,distributed injection,180,230,cast iron r4,8.8,borgwarner k03,95,euro 5,~200 000,"5w-30, 5w-40",Opel,2008
992,Engine Opel A16XHT,since 2013,1598,direct injection,170,260 - 280,cast iron r4,9.5,yes,95,euro 5,~275 000,5w-30,Opel,2013
993,Engine Opel A18XER,2008-2015,1796,distributed injection,140,175,cast iron r4,10.5,no,95,euro 5,~320 000,5w-30,Opel,2008
994,Engine Opel A20NHT,2008-2013,1998,direct injection,220,350,aluminum r4,9.2,twin-scroll,95,euro 5,~220 000,5w-30,Opel,2008
995,Engine Opel A24XE,2010-2018,2384,injector,165 - 175,215 - 235,aluminum r4,10.4,no,95,euro 5,~300 000,5w-30,Opel,2010
996,Engine Opel A28NET,2008-2013,2792,distributed injection,260,350,aluminum v6,9.5,mitsubishi td04,95,euro 5,~350 000,5w-30,Opel,2008
997,Engine Opel C14NZ,1989-1996,1389,single injection,60,103,cast iron r4,9.4,no,92,euro 1,~300 000,5w-30,Opel,1989
998,Engine Opel X14XE,1994-2001,1389,distributed injection,90,125,cast iron r4,10.5,no,92,euro 2,~250 000,5w-30,Opel,1994
999,Engine Opel C16NZ,1987-1993,1598,single injection,75,125,cast iron r4,9.2,no,92,euro 1,~320 000,5w-30,Opel,1987
1000,Engine Opel C18NZ,1988-1995,1796,single injection,90,145,cast iron r4,9.2,no,92,euro 1,~330 000,5w-30,Opel,1988
1001,Engine Opel C20NE,1986-1996,1998,distributed injection,115,170,cast iron r4,9.2,no,92,euro 1,~350 000,5w-30,Opel,1986
1002,Engine Opel X20SE,1995-1999,1998,distributed injection,116,175,cast iron r4,10,no,92,euro 2,~400 000,5w-30,Opel,1995
1003,Engine Opel C20XE,1987-1996,1998,distributed injection,150,200,cast iron r4,10.5,no,92,euro 1,~300 000,5w-30,Opel,1987
1004,Engine Opel C20LET,1992-1997,1998,distributed injection,204,280,cast iron r4,9,yes,92,euro 1,~250 000,5w-30,Opel,1992
1005,Engine Opel C24NE,1988-1995,2410,distributed injection,125,195,cast iron r4,9.2,no,92,euro 1,~400 000,5w-30,Opel,1988
1006,Engine Opel C30SE,1989-1993,2969,distributed injection,204,270,cast iron r6,10,no,92,euro 2,~400 000,"5w-30, 5w-40",Opel,1989
1007,Engine Peugeot EB0,2012-2017,999,distributed injection,68,95,aluminum r3,10.5,no,petrol,euro 5,~250 000,0w-30,Peugeot,2012
1008,Engine Peugeot EB2,since 2012,1199,distributed injection,82,118,aluminum r3,11,no,petrol,euro 5/6,~270 000,0w-30,Peugeot,2012
1009,Engine Peugeot EB2M,since 2012,1199,distributed injection,72,110,aluminum r3,10.5,no,petrol,euro 5,~300 000,0w-30,Peugeot,2012
1010,Engine Peugeot EB2DT,since 2014,1199,direct injection,110,205,aluminum r3,10.5,garrett ngt1341lsz,petrol,euro 5/6,~270 000,0w-30,Peugeot,2014
1011,Engine Peugeot EB2DTS,since 2014,1199,direct injection,130,230,aluminum r3,10.5,garrett ngt1341lsz,petrol,euro 6,~250 000,0w-30,Peugeot,2014
1012,Engine Peugeot EB2ADTX,since 2018,1199,direct injection,155,240,aluminum r3,10.5,yes,petrol,euro 6d,~250 000,0w-30,Peugeot,2018
1013,Engine Peugeot EP3C,2009-2015,1397,injector,,136,aluminum r4,11,no,petrol,euro 5,~200 000,"5w-30, 5w-40",Peugeot,2009
1014,Engine Peugeot EP6CB,2010-2018,1598,distributed injection,98,152,aluminum r4,9.6,no,petrol,euro 5/6,~240 000,5w-30,Peugeot,2010
1015,Engine Peugeot EP6DT,2006-2010,1598,direct injection,,240,aluminum r4,10.5,twinscroll,petrol,euro 4,~200 000,"5w-30, 5w-40",Peugeot,2006
1016,Engine Peugeot EP6CDT,since 2009,1598,direct injection,,,aluminum r4,10.5,twinscroll,petrol,euro 5,~200 000,"5w-30, 5w-40",Peugeot,2009
1017,Engine Peugeot EP6CDTM,2011-2017,1598,direct injection,,240,aluminum r4,10.5,borgwarner k03,petrol,euro 5,~200 000,5w-30,Peugeot,2011
1018,Engine Peugeot EP6CDTR,2013-2018,1598,direct injection,270,330,aluminum r4,9.2,twin-scroll,petrol,euro 5,~175 000,5w-30,Peugeot,2013
1019,Engine Peugeot EP6FDT,since 2014,1598,direct injection,,,aluminum r4,10.5,borgwarner k03,petrol,,~240 000,5w-30,Peugeot,2014
1020,Engine Peugeot EP6FDTM,since 2014,1598,direct injection,,240,aluminum r4,10.5,borgwarner k03,petrol,,~240 000,5w-30,Peugeot,2014
1021,Engine Peugeot ES9J4,1996-2000,2946,injector,194,267,aluminum v6,10.5,no,petrol,euro 2/3,~300 000,5w-40,Peugeot,1996
1022,Engine Porsche M02.2Y,2003-2007,3189,distributed injection,250,310,cast iron vr6,11.5,no,petrol,euro 4,~280 000,5w-30,Porsche,2003
1023,Engine Porsche M55.01,2007-2010,3598,direct injection,290,385,cast iron vr6,12.3,no,petrol,euro 5,~270 000,5w-30,Porsche,2007
1024,Engine Porsche M46.20,2009-2013,3605,direct injection,300,400,aluminum v6,12.5,no,petrol,euro 5,~240 000,5w-30,Porsche,2009
1025,Engine Porsche MCX.ZA,2014-2017,3605,direct injection,440,600,aluminum v6,10.5,bi-turbo,petrol,euro 6,~200 000,5w-30,Porsche,2014
1026,Engine Porsche MCT.LA,2014-2018,3605,direct injection,400,550,aluminum v6,10.5,bi-turbo,petrol,euro 6,~200 000,5w-30,Porsche,2014
1027,Engine Porsche M48.00,2002-2007,4511,distributed injection,340,420,aluminum v8,11.5,no,petrol,euro 4,~220 000,5w-40,Porsche,2002
1028,Engine Porsche M48.50,2002-2007,4511,distributed injection,450 - 520,620 - 720,aluminum v8,9.5,ihi rhf5h,petrol,euro 4,~200 000,5w-40,Porsche,2002
1029,Engine Porsche M48.01,2007-2010,4806,direct injection,385 - 405,500,aluminum v8,12.5,no,petrol,euro 4,~250 000,5w-40,Porsche,2007
1030,Engine Porsche M48.51,2007-2010,4806,direct injection,500 - 550,700 - 750,aluminum v8,10.5,mhi td04hl,petrol,euro 4,~200 000,5w-40,Porsche,2007
1031,Engine Porsche M48.70,2009-2013,4806,direct injection,500 - 550,700 - 750,aluminum v8,10.5,mhi td04hl,petrol,euro 4,~200 000,5w-40,Porsche,2009
1032,Engine Porsche M55.02,2010-2017,3598,direct injection,300,400,cast iron vr6,11.7,no,petrol,euro 5/6,~260 000,5w-30,Porsche,2010
1033,Engine Porsche M96.20,1996-1999,2480,distributed injection,204,245,aluminum h6,11,no,petrol,euro 3,~200 000,5w-40,Porsche,1996
1034,Engine Porsche M96.22,1999-2002,2687,distributed injection,220,260,aluminum h6,11,no,petrol,euro 3,~220 000,5w-40,Porsche,1999
1035,Engine Porsche M96.26,2004-2006,3179,distributed injection,280,320,aluminum h6,11,no,petrol,euro 4,~230 000,5w-40,Porsche,2004
1036,Engine Porsche M97.20,2006-2009,2687,distributed injection,245,273,aluminum h6,11.3,no,petrol,euro 4,~250 000,5w-40,Porsche,2006
1037,Engine Porsche M97.21,2005-2009,3387,distributed injection,295,340,aluminum h6,11.1,no,petrol,euro 4,~240 000,5w-40,Porsche,2005
1038,Engine Porsche MDC.AB,since 2017,2894,direct injection,440,550,aluminum v6,10.5,bi-turbo,petrol,euro 6,~220 000,0w-20,Porsche,2017
1039,Engine Porsche MDC.BE,since 2017,2995,direct injection,340,450,aluminum v6,11.2,twinscroll,petrol,euro 6,~240 000,0w-20,Porsche,2017
1040,Engine Porsche M05.9E,2010-2011,2967,common rail,240,550,cast iron v6,16.8,garrett gtb2260vk,diesel,euro 4,~300 000,5w-30,Porsche,2010
1041,Engine Volkswagen CASA,2007-2011,2967,common rail,240,500 - 550,cast iron v6,17,vgt,diesel,euro 4,~350 000,5w-30,Volkswagen,2007
1042,Engine Porsche MCT.BA,2014-2018,2967,common rail,258,580,cast iron v6,16.8,garrett gtb2260vzk,diesel,euro 5/6,~320 000,5w-30,Porsche,2014
1043,Engine Volkswagen CRCA,2011-2018,2967,common rail,245,550,cast iron v6,16.8,gt 2260,diesel,euro 5/6,~350 000,5w-30,Volkswagen,2011
1044,Engine Renault D4F,1992-2003,1149,injector,,,cast iron r4,9.8,no,petrol,,~300 000,"5w-30, 5w-40",Renault,1992
1045,Engine Renault D7F,1996-2014,1149,injector,,,cast iron r4,9.5,no,petrol,euro 2/3/4,~300 000,"5w-30, 5w-40",Renault,1996
1046,Engine Renault E7F,1990-1996,1171,single injection,54 - 60,83 - 88,r4,9.2 &#8211; 9.5,no,petrol,euro 1/2,~200 000,,Renault,1990
1047,Engine Renault E7J,1991-2005,1390,mono-injection,70 - 80,105 - 114,r4,9.2 &#8211; 9.5,no,petrol,euro 1,~200 000,,Renault,1991
1048,Engine Renault F3P,1992-1999,1783 &#8211; 1794,injector,88 - 110,142 - 160,cast iron r4,9.6 &#8211; 10,no,petrol,euro 1/2,~250 000,,Renault,1992
1049,Engine Renault F4P,1998-2005,1783,injector,115 - 120,158 - 170,cast iron r4,9.8,no,petrol,euro 2/3,~350 000,"5w-30, 5w-40",Renault,1998
1050,Engine Renault F7P,1990-1997,1764,injector,135 - 140,157 - 162,cast iron r4,10,no,petrol,euro 1/2,~250 000,,Renault,1990
1051,Engine Renault F2R,1986-1993,1965,carburetor,90 - 102,142 - 152,cast iron r4,8.4,no,petrol,&#8211;,,,Renault,1986
1052,Engine Renault F3R,1986-2001,1998,injector,,,cast iron r4,,no,petrol,,~400 000,"5w-40, 5w-50",Renault,1986
1053,Engine Renault F5R,1999-2003,1998,direct injection,140,200,cast iron r4,10,no,petrol,euro 3,~300 000,"5w-30, 5w-40",Renault,1999
1054,Engine Renault F7R,1994-2001,1998,injector,145 - 150,175 - 185,cast iron r4,9.8,no,petrol,euro 2,~300 000,,Renault,1994
1055,Engine Renault K4J,1999-2013,1390,injector,,,cast iron r4,10,no,petrol,euro 3,~350 000,"5w-30, 5w-40",Renault,1999
1056,Engine Renault K7M,since 1995,1598,injector,,,cast iron r4,,no,petrol,euro 3/4/5,~400 000,"5w-30, 5w-40",Renault,1995
1057,Engine Renault N7Q,1995-2000,1948,injector,136 - 140,176 - 182,aluminum r4,10.5,no,petrol,euro 2,~300 000,5w-40,Renault,1995
1058,Engine Volvo B4204S,1995-1999,1948,injector,140,183,aluminum r4,10.5,no,petrol,euro 2,~330 000,5w-40,Volvo,1995
1059,Engine Renault N7U,1996-2000,2435,injector,165,211,aluminum r5,10.5,no,petrol,euro 2,~350 000,5w-40,Renault,1996
1060,Engine Volvo B5244S,1996-2009,2435,injector,140 - 170,220 - 230,aluminum r5,10.3,no,petrol,euro 2/3,~400 000,5w-30,Volvo,1996
1061,Engine Renault B4A,since 2015,799,distributed injection,54,72,aluminum r3,10.5,no,petrol,euro 5,~250 000,5w-40,Renault,2015
1062,Engine Renault B4D,since 2015,999,distributed injection,,,aluminum r3,,no,petrol,,~300 000,5w-40,Renault,2015
1063,Engine Rover 11K4F,2000-2005,1119,distributed injection,75,95,aluminum r4,9.4,no,petrol,euro 3,~230 000,5w-30,Rover,2000
1064,Engine Rover 14K2F,1994-1999,1396,distributed injection,75,117,aluminum r4,9.5-10.0,no,petrol,euro 2,~240 000,5w-30,Rover,1994
1065,Engine Rover 14K4F,1991-2005,1396,distributed injection,83 - 103,110 - 123,aluminum r4,9.5-10.0,no,petrol,euro 2/3,~250 000,5w-30,Rover,1991
1066,Engine Rover 16K4F,1995-2005,1589,distributed injection,107 - 112,138 - 145,aluminum r4,10.5,no,petrol,euro 3,~280 000,5w-30,Rover,1995
1067,Engine Rover 18K4F,1995-2006,1796,distributed injection,115 - 135,160 - 165,aluminum r4,10.5,no,petrol,euro 3,~300 000,5w-30,Rover,1995
1068,Engine Rover 18K4K,1995-2005,1796,distributed injection,145 - 158,174,aluminum r4,10.5,no,petrol,euro 3,~270 000,5w-30,Rover,1995
1069,Engine Rover 18K4G,2002-2005,1796,distributed injection,150,215,aluminum r4,9.2,garrett gt2052ls,petrol,euro 3,~220 000,5w-30,Rover,2002
1070,Engine Rover 20T4H,1991-1999,1994,distributed injection,136,185 - 190,cast iron r4,10,no,petrol,euro 2,~300 000,5w-30,Rover,1991
1071,Engine Rover 20M4F,1986-1995,1994,distributed injection,133 - 140,178,cast iron r4,10,no,petrol,euro 1/2,~280 000,5w-30,Rover,1986
1072,Engine Rover 20T4G,1991-1999,1994,distributed injection,180 - 200,216 - 237,cast iron r4,8.5,garrett tb2555,petrol,euro 2,~250 000,5w-30,Rover,1991
1073,Engine Rover 46F2F,2003-2005,4601,direct injection,260,410,aluminum v8,9.4,no,petrol,euro 3,~300 000,5w-30,Rover,2003
1074,Engine Rover 20K4N,1998-2004,1997,distributed injection,150,185,aluminum v6,10.5,no,petrol,euro 3,~240 000,5w-30,Rover,1998
1075,Engine Rover 25K4N,1996-2006,2497,distributed injection,150 - 190,220 - 245,aluminum v6,10.5,no,petrol,euro 2/3,~250 000,5w-30,Rover,1996
1076,Engine Rover 20T2R,1995-2000,1994,direct injection,86,170,cast iron r4,19.5,garrett gt1549s,diesel,euro 2,~270 000,5w-40,Rover,1995
1077,Engine Rover 20T2N,1994-2005,1994,direct injection,98 - 113,210 - 260,cast iron r4,19.5,garrett gt1549s,diesel,euro 2,~250 000,5w-40,Rover,1994
1078,Engine Saab B204E,1994-2000,1985,distributed injection,150 - 154,219,cast iron r4,9.2,garrett tb25,petrol,euro 2/3,~300 000,5w-30,Saab,1994
1079,Engine Saab B204i,1994-2000,1985,distributed injection,130,177,cast iron r4,10,no,petrol,euro 2/3,~350 000,5w-40,Saab,1994
1080,Engine Saab B204L,1993-1999,1985,distributed injection,185,"263 (in the version with automatic transmission, the torque is limited to 230 nm)",cast iron r4,9.2,garrett tb25,petrol,euro 2/3,~290 000,5w-30,Saab,1993
1081,Engine Saab B205E,1998-2009,1985,distributed injection,150,240,cast iron r4,8.8,garrett gt1752s,petrol,euro 3/4,~250 000,0w-30,Saab,1998
1082,Engine Saab B234E,1994-1998,2290,distributed injection,170,260,cast iron r4,9.25,garrett tb25,petrol,euro 2,~320 000,5w-30,Saab,1994
1083,Engine Saab B234i,1990-1999,2290,distributed injection,150,210,cast iron r4,10.0 &#8211; 10.5,no,petrol,euro 2/3,~360 000,5w-40,Saab,1990
1084,Engine Saab B234R,1993-1997,2290,distributed injection,200 - 225,294 - 342,cast iron r4,9.25,mhi td04hl,petrol,euro 2,~300 000,5w-30,Saab,1993
1085,Engine Saab B235E,1998-2009,2290,distributed injection,170 - 185,280,cast iron r4,9.3,garrett gt1752s,petrol,euro 3/4,~230 000,0w-30,Saab,1998
1086,Engine Saab B235R,1999-2009,2290,distributed injection,230 - 260,350 - 370,cast iron r4,9.3,mhi td04hl-15t,petrol,euro 3/4,~200 000,0w-30,Saab,1999
1087,Engine Saab B207E,2002-2012,1998,distributed injection,150,240,aluminum r4,9.5,,petrol,euro 4/5,~300 000,5w-30,Saab,2002
1088,Engine Saab B207L,2002-2012,1998,distributed injection,175,265,aluminum r4,9.5,,petrol,euro 4/5,~290 000,5w-30,Saab,2002
1089,Engine Saab B207R,2002-2012,1998,distributed injection,210,300,aluminum r4,9.5,mhi td04-11tk,petrol,euro 4/5,~270 000,5w-30,Saab,2002
1090,Engine Saab B258i,1993-1998,2498,distributed injection,170,227,cast iron v6,10.8,no,petrol,euro 2,~280 000,5w-30,Saab,1993
1091,Engine Opel X25XE,1994-2000,2498,distributed injection,170,230,cast iron v6,10.8,no,92,euro 2,~400 000,5w-30,Opel,1994
1092,Engine Saab B284L,2005-2008,2792,distributed injection,250 - 255,350,aluminum v6,9.5,mhi td04hl,petrol,euro 4,~300 000,5w-30,Saab,2005
1093,Engine Opel Z28NET,2005-2008,2792,distributed injection,250,350,aluminum v6,9.5,yes,92,euro 4,~300 000,5w-30,Opel,2005
1094,Engine Saab B308E,1998-2003,2962,distributed injection,200,310,cast iron v6,9.5,garrett gt1549,petrol,euro 2,~300 000,5w-30,Saab,1998
1095,Engine Opel X30XE,1994-2001,2962,distributed injection,200 - 210,260 - 270,cast iron v6,10.8,no,92,euro 2,~380 000,5w-30,Opel,1994
1096,Engine Saab B308i,1994-1997,2962,distributed injection,211,270,cast iron v6,10.8,no,petrol,euro 2,~300 000,5w-30,Saab,1994
1097,Engine Saab D207E,2004-2010,1910,common rail,120,280,cast iron r4,18,garrett gt1749mv,diesel,euro 4,~350 000,5w-40,Saab,2004
1098,Engine Opel Z19DT,2004-2010,1910,common rail,120,280,cast iron r4,18,garrett gt1749mv,diesel,euro 4,~340 000,5w-40,Opel,2004
1099,Engine Saab D207L,2004-2010,1910,common rail,150,320,cast iron r4,17.5,garrett gt1749mv,diesel,euro 4,~300 000,5w-40,Saab,2004
1100,Engine Opel Z19DTH,2004-2010,1910,common rail,150,320,cast iron r4,17.5,garrett gt1749mv,diesel,euro 4,~300 000,5w-40,Opel,2004
1101,Engine Saab D207R,2007-2011,1910,common rail,160 - 180,360 - 400,cast iron r4,16.5,borgwarner r2s,diesel,euro 4,~250 000,5w-40,Saab,2007
1102,Engine Saab D223L,1998-2005,2171,direct injection,,,cast iron r4,18.5,,diesel,,~320 000,5w-40,Saab,1998
1103,Engine Opel X22DTH,1998-2000,2171,direct injection,115,260,cast iron r4,18.5,yes,diesel,euro 2,~300 000,5w-40,Opel,1998
1104,Engine Opel Y22DTH,2000-2004,2171,direct injection,115 - 120,260 - 280,cast iron r4,18.5,vgt,diesel,euro 3,~320 000,5w-40,Opel,2000
1105,Engine Volkswagen EA111 CFNA/CFNB,2010,1598,injector,,,,10.5,,95-98,euro 5,,0w-40 / 5w-30 / 5w-40,Volkswagen,
1106,Engine Volkswagen EA113 1.8T,1994,1781,injector,150-240/5700,,,9-9.5,,95,up to euro 5,,5w-30 / 0w-40 / 5w-40,Volkswagen,
1107,Engine Volkswagen EA827/EA113 1.8,1983-2002,1781,carburetor/injector,68-139/4000-5800,,,8.5-10,,92-95,—,,5w-30 / 0w-40 / 5w-40,Volkswagen,1983
1108,Engine Volkswagen EA111 1.2 TSI / TFSI,2009,1197,injector,86-105/4500-5000,,,10,,95-98,euro 5,,5w-30 / 5w-40,Volkswagen,
1109,Engine Volkswagen EA113 2.0 TFSI,2004,1984,injector,170-271/4300-6000,,,10.5,,95-98,euro 5,,5w-30 / 5w-40,Volkswagen,
1110,Engine Volkswagen EA111 1.4 TSI TFSI,2005,1390,injector,122-180/5000-6200,,,10,,95-98,euro 5,,5w-30 / 5w-40,Volkswagen,
1111,Engine Volkswagen EA211 1.2 TSI TFSI,2012,1197,injector,,,,10.5,,95-98,,,5w-30 / 5w-40,Volkswagen,
1112,Engine Volkswagen EA211 1.4 TSI TFSI,2012,1395,injector,122-150/5000,,,10-10.5,,95-98,euro 5-6,,5w-30 / 5w-40,Volkswagen,
1113,Engine Volkswagen EA827 1.6,1985,1595,injector,71-109/5200-6300,,,9-12.1,,95,euro 5,,5w-30 / 0w-40 / 5w-40,Volkswagen,
1114,Engine SsangYong G16DF,since 2015,1597,distributed injection,128,160,aluminum r4,10.5,no,petrol,euro 5,~250 000,5w-30,SsangYong,2015
1115,Engine SsangYong G20D,1993-1998,1998,distributed injection,133,180,cast iron r4,10.4,no,petrol,euro 2,~350 000,5w-40,SsangYong,1993
1116,Engine SsangYong G20DF,since 2010,1998,distributed injection,149,197,cast iron r4,10.5,no,petrol,euro 4,~250 000,5w-30,SsangYong,2010
1117,Engine SsangYong G23D,1993-2018,2295,distributed injection,150,210 - 215,cast iron r4,10.4,no,petrol,euro 2/3/4,~350 000,5w-40,SsangYong,1993
1118,Engine SsangYong G32D,1993-2017,3199,distributed injection,220,310 - 315,cast iron r6,10,no,petrol,euro 2/3/4,~400 000,5w-40,SsangYong,1993
1119,Engine SsangYong D16DTF,since 2015,1597,common rail,115,300,cast iron r4,15.5,e-vgt,diesel,euro 6,~250 000,5w-30,SsangYong,2015
1120,Engine SsangYong D20DT,2005-2012,1998,common rail,141,310,cast iron r4,17.5,garrett gtb1549v,diesel,euro 3/4,~400 000,"5w-30, 5w-40",SsangYong,2005
1121,Engine SsangYong D20DTF,since 2010,1998,common rail,150 - 175,360,cast iron r4,16.5,garrett gtb1752vlk,diesel,euro 4/5,~250 000,5w-30,SsangYong,2010
1122,Engine SsangYong D20DTR,since 2012,1998,common rail,150 - 155,360,cast iron r4,16.5,borgwarner bv40,diesel,euro 5,~270 000,5w-30,SsangYong,2012
1123,Engine SsangYong D22DTF,since 2015,2157,common rail,178,400,cast iron r4,15.5,borgwarner bv43,diesel,euro 5/6,~250 000,5w-30,SsangYong,2015
1124,Engine SsangYong D22DTR,since 2015,2157,common rail,178 - 181,400 - 420,cast iron r4,15.5,borgwarner bv43,diesel,euro 5/6,~280 000,5w-30,SsangYong,2015
1125,Engine SsangYong D23DT,1993-2006,2299,prechambers,,,cast iron r4,22,,diesel,euro 2,~400 000,5w-40,SsangYong,1993
1126,Engine SsangYong D27DT,2003-2017,2696,common rail,160 - 165,340 - 345,cast iron r5,18,garrett gt2056s,diesel,euro 3,~350 000,5w-30,SsangYong,2003
1127,Engine SsangYong D27DTP,2006-2017,2696,common rail,179 - 186,402,cast iron r5,17.5,mhi td04hl,diesel,euro 4,~320 000,5w-30,SsangYong,2006
1128,Engine SsangYong D29DT,1993-2006,2874,prechambers,,,cast iron r5,22,,diesel,euro 2/3,~400 000,5w-40,SsangYong,1993
1129,Engine Suzuki F6A,1990-2000,657,carburetor / injector,,,cast iron r3,,,petrol,euro 1/2,~250 000,5w-30,Suzuki,1990
1130,Engine Suzuki F10A,1979-2012,970,,,,cast iron r4,,no,petrol,,~280 000,5w-30,Suzuki,1979
1131,Engine Suzuki F10D,1999-2010,1061,injector,60 - 65,80 - 85,cast iron r4,10,no,petrol,euro 2/3,~320 000,5w-30,Suzuki,1999
1132,Engine Suzuki G10A,1983-2007,993,carburetor / injector,,,aluminum r3,,,petrol,euro 1/2,~300 000,5w-30,Suzuki,1983
1133,Engine Suzuki G13B,1986-1995,1298,distributed injection,100 - 115,109 - 112,aluminum r4,10 &#8211; 11.5,no,petrol,euro 2,~280 000,5w-30,Suzuki,1986
1134,Engine Suzuki G13BA,1988-2001,1298,carburetor / mono injection,68 - 73,100 - 103,aluminum r4,9.5,no,petrol,euro 1/2,~300 000,5w-30,Suzuki,1988
1135,Engine Suzuki G13BB,1995-2005,1298,distributed injection,76 - 86,104 - 115,aluminum r4,9.5,no,petrol,euro 2/3,~300 000,5w-30,Suzuki,1995
1136,Engine Suzuki G15A,1991-2002,1493,distributed injection,91 - 97,123 - 129,aluminum r4,10,no,petrol,euro 2/3,~320 000,5w-30,Suzuki,1991
1137,Engine Suzuki G16A,1988-2002,1590,,,,aluminum r4,,no,petrol,,~300 000,"5w-30, 5w-40",Suzuki,1988
1138,Engine Suzuki G16B,1990-2005,1590,distributed injection,90 - 100,125 - 140,aluminum r4,9.5,no,petrol,euro 2/3,~350 000,"5w-30, 5w-40",Suzuki,1990
1139,Engine Suzuki H20A,1994-1998,1998,distributed injection,136 - 145,172 - 183,aluminum v6,9.5,no,petrol,euro 2,~350 000,"5w-30, 5w-40",Suzuki,1994
1140,Engine Toyota 1VZ-FE,1988-1992,1992,mpi,136,173,cast iron v6,9.6,no,92,euro 1/2,~250 000,5w-30,Toyota,1988
1141,Engine Suzuki H25A,1996-2005,2493,distributed injection,144 - 158,208 - 213,aluminum v6,9.5,no,petrol,euro 3,~400 000,"5w-30, 5w-40",Suzuki,1996
1142,Engine Suzuki H27A,2000-2008,2736,distributed injection,173 - 185,231 - 250,aluminum v6,9.5,no,petrol,euro 3/4,~400 000,"5w-30, 5w-40",Suzuki,2000
1143,Engine Suzuki J18A,1996-2002,1839,distributed injection,121 - 124,152,aluminum r4,9.8,no,petrol,euro 3,~250 000,5w-30,Suzuki,1996
1144,Engine Suzuki J20A,since 1998,1995,distributed injection,128 - 145,174 - 190,aluminum r4,9.3 &#8211; 10.5,no,petrol,euro 4/5,~300 000,"5w-30, 5w-40",Suzuki,1998
1145,Engine Suzuki J20B,2010-2014,1995,distributed injection,150 - 152,190,aluminum r4,10.2,no,petrol,euro 4,~250 000,5w-30,Suzuki,2010
1146,Engine Suzuki J23A,2004-2007,2290,distributed injection,155 - 158,206,aluminum r4,9.3,no,petrol,euro 3,~270 000,5w-30,Suzuki,2004
1147,Engine Suzuki J24B,since 2008,2393,distributed injection,165 - 185,225 - 230,aluminum r4,10,no,petrol,euro 4/5,~300 000,"0w-20, 0w-30",Suzuki,2008
1148,Engine Suzuki K6A,1994-2018,658,distributed injection,,,aluminum r3,,,petrol,euro 4/5,~250 000,"5w-30, 5w-40",Suzuki,1994
1149,Engine Toyota 5A-FHE,1989-1992,1498,injector,105,132,cast iron r4,9.5,no,92,euro 2,~280 000,5w-30,Toyota,1989
1150,Engine Toyota 4A-FHE,1990-1995,1587,injector,110,142,cast iron r4,9.5,no,92,euro 2,~320 000,5w-30,Toyota,1990
1151,Engine Toyota 4A-GE,1983-2002,1587,injector,,,cast iron r4,,no,,euro 2,~300 000,"5w-30, 5w-40",Toyota,1983
1152,Engine Toyota 4A-GZE,1986-1995,1587,distributed injection,,,cast iron r4,,supercharger,95,euro 2,~250 000,5w-30,Toyota,1986
1153,Engine Toyota 2AR-FXE,since 2011,2494,injector mpi,152 - 161,206 - 213,aluminum r4,12.5,no,95,euro 5,~300 000,5w-30,Toyota,2011
1154,Engine Toyota 2AR-FSE,since 2012,2494,combined injection d4-s,178,221,aluminum r4,13,no,98,euro 5,~300 000,5w-30,Toyota,2012
1155,Engine Toyota 5AR-FE,since 2013,2494,injector mpi,179,234,aluminum r4,10.4,no,92,euro 3/4/5,~300 000,5w-30,Toyota,2013
1156,Engine Toyota 1AZ-FSE,2000-2009,1998,direct injection d4,150 - 155,190 - 200,aluminum r4,10.5 &#8211; 11,no,95,euro 4,~300 000,"5w-20, 5w-30",Toyota,2000
1157,Engine Volkswagen DKZA,since 2018,1984,fsi + mpi,190,320,cast iron r4,11.6,ihi is20,petrol,euro 6,~250 000,0w-30,Volkswagen,2018
1158,Engine Volkswagen CYRC,since 2018,1984,fsi + mpi,250,370,cast iron r4,9.6,ihi is20,petrol,euro 6,~270 000,0w-20,Volkswagen,2018
1159,Engine Volkswagen JK,1980-1989,1588,prechambers,54,100,cast iron r4,23,no,diesel,euro 0,~400 000,5w-40,Volkswagen,1980
1160,Engine Volkswagen JP,1983-1992,1588,prechambers,54,100,cast iron r4,23,no,diesel,euro 0,~380 000,5w-40,Volkswagen,1983
1161,Engine Volkswagen JX,1984-1992,1588,prechambers,70,138,cast iron r4,23,yes,diesel,euro 0,~350 000,5w-40,Volkswagen,1984
1162,Engine Volkswagen SB,1989-1993,1588,prechambers,80,152,cast iron r4,23,yes,diesel,euro 0,~330 000,5w-40,Volkswagen,1989
1163,Engine Volkswagen 1X,1990-1995,1896,prechambers,60,127,cast iron r4,23,no,diesel,euro 1,~550 000,5w-30,Volkswagen,1990
1164,Engine Volkswagen 1Y,1989-2003,1896,prechambers,64 - 68,124 - 127,cast iron r4,22.5 &#8211; 23.0,no,diesel,euro 1/2,~500 000,5w-30,Volkswagen,1989
1165,Engine Volvo B4204T9,2014-2018,1969,direct injection,306,400,aluminum r4,10.3,turbine + compressor,petrol,euro 5/6,~260 000,0w-20,Volvo,2014
1166,Engine Volvo B4204T35,since 2015,1969,direct injection,320,400,aluminum r4,10.3,turbine + compressor,petrol,euro 6,~260 000,0w-20,Volvo,2015
1167,Engine Volvo B4164S,1995-1999,1587,injector,105,143,aluminum r4,10.5,no,petrol,euro 2,~300 000,5w-40,Volvo,1995
1168,Engine Volvo B4164S2,1999-2004,1587,injector,109,145,aluminum r4,10.3,no,petrol,euro 3,~320 000,5w-30,Volvo,1999
1169,Engine Volvo B4184S,1995-1999,1731,injector,115,165,aluminum r4,10.5,no,petrol,euro 2,~320 000,5w-40,Volvo,1995
1170,Engine Volvo B4184S2,1999-2004,1783,injector,122,170,aluminum r4,10.3,no,petrol,euro 3,~300 000,5w-30,Volvo,1999
1171,Engine Volvo B4194T,1997-2000,1855,injector,200,300,aluminum r4,8.5,mhi td04l-14t,petrol,euro 2,~250 000,5w-30,Volvo,1997
1172,Engine Volvo B4204T,1997-1999,1948,injector,160,230,aluminum r4,9,mhi td04l-12t,petrol,euro 2,~275 000,5w-30,Volvo,1997
1173,Engine Volvo B5202S,1995-2000,1984,injector,126,170,aluminum r5,10,no,petrol,euro 2,~350 000,5w-40,Volvo,1995
1174,Engine Volvo B5204T,1993-1996,1984,injector,211,300,aluminum r5,8.4,mhi td04hl,petrol,euro 2,~250 000,5w-40,Volvo,1993
1175,Engine Volvo B5204T8,2012-2015,1984,injector,180,300,aluminum r5,10.5,borg warner k03,petrol,euro 5,~270 000,5w-30,Volvo,2012
1176,Engine Volvo B5234T,1993-1996,2319,injector,225,300,aluminum r5,8.5,mhi td04hl-15g,petrol,euro 2,~240 000,5w-40,Volvo,1993
1177,Engine Volvo B5244S2,1998-2009,2435,injector,140,220,aluminum r5,10.3,no,petrol,euro 3/4,~380 000,5w-30,Volvo,1998
1178,Engine Volvo B5244S4,2004-2010,2435,injector,170,230,aluminum r5,10.3,no,petrol,euro 3/4,~370 000,5w-30,Volvo,2004
1179,Engine Volvo B5244T,1999-2002,2435,injector,193,270,aluminum r5,9,mhi td04hl,petrol,euro 3,~275 000,5w-30,Volvo,1999
1180,Engine Volvo B5244T3,2000-2003,2435,injector,200,285,aluminum r5,9,mhi td04hl-13t,petrol,euro 3,~260 000,5w-30,Volvo,2000
1181,Engine Audi ASB,2003-2010,2967,common rail,233,450,cast iron v6,17,vgt,diesel,euro 4,~330 000,5w-30,Audi,2003
1182,Engine Audi CAHA,2008-2013,1968,common rail,170,350,cast iron r4,16.5,vgt,diesel,euro 4/5,~330 000,5w-30,Audi,2008
1183,Engine Volvo D4204T23,since 2016,1969,common rail,235,480,aluminum r4,15.8,twin turbochargers,diesel,euro 5/6,~250 000,0w-20,Volvo,2016
1184,Engine Audi DFBA,since 2018,1968,common rail,204,400,aluminum r4,15.5,vgt,diesel,euro 6d,~320 000,5w-30,Audi,2018
1185,Engine Audi CDUD,2010-2014,2967,common rail,245,580,cast iron v6,16.8,htt gt2260,diesel,euro 5,~300 000,5w-30,Audi,2010
1186,Engine Audi BPP,2004-2008,2698,common rail,180,380,cast iron v6,17.5,vgt,diesel,euro 4,~350 000,5w-30,Audi,2004
1187,Engine BMW M41D17,1994-2000,1665,prechambers,90,190,cast iron r4,22,yes,diesel,euro 1/2,~300 000,5w-40,BMW,1994
1188,Engine BMW B58B30,since 2015,2998,direct injection,326 - 388,450 - 500,aluminum r6,11,twin-scroll mahle/bosch turbocharger with intercooler,98,euro 6,~300 000,,BMW,2015
1189,Engine BMW B48B20 / B48A20,since 2014,1998,direct injection,156 - 306,250 - 450,aluminum r4,9.5 &#8211; 11.0,yes,98,euro 6,~250 000,"0w-30, 0w-40, 5w-30, 5w-40",BMW,2014
1190,Engine BMW M47D20,1998-2007,,,,,cast iron r4,,yes,diesel,,~350 000,,BMW,1998
1191,Engine BMW B47 (C20/D20),since 2014,1995,common rail,116 - 231,270 - 500,aluminum r4,16.5,,diesel,euro 5/6,~350 000,,BMW,2014
1192,Engine BMW M57D30,1998-2012,,common rail,,,,,,diesel,,~400 000,5w-40,BMW,1998
1193,Engine BMW N57D30,since 2008,2993,common rail,,,aluminum r6,,,diesel,euro 5/6,~300 000,5w-30,BMW,2008
1194,Engine BMW M62B48,,,,,,,10.5,,gasoline,euro 3,~400 000,5w-30 / 5w-40,BMW,
1195,Engine BMW M21D24,1983-1991,2443,vortex chamber,,,cast iron r6,22,,diesel,euro 0,~350 000,5w-40,BMW,1983
1196,Engine Volvo D5252T,1995-2001,2460,direct injection,140,290,cast iron r5,20.5,kkk k14,diesel,euro 2/3,~24000 000,5w-40,Volvo,1995
1197,Engine BMW M30B35LE,1978-1982,3453,,218,310,cast iron r6,9.3,no,92,euro 1,~3500 000,5w-30,BMW,1978
1198,Engine BMW B57D30,since 2015,2993,common rail,265 - 400,620 - 760,aluminum r6,16.0 &#8211; 16.5,yes,diesel,euro 6,~350 000,,BMW,2015
1199,Engine BMW N20B16,since 2013,1598,direct injection,143 - 170,220 - 250,aluminum r4,9,twin-scroll,98,euro 5/6,~200 000,5w-30,BMW,2013
1200,Engine BMW N63B40,2012-2015,3982,direct injection,408 - 449,600 - 650,aluminum v8,10,yes,98,euro 5,~250 000,5w-30,BMW,2012
1201,Engine BMW M70B50,1987-1994,4998,distributed injection,,,aluminum v12,,no,95,euro 2,~340 000,5w-40,BMW,1987
1202,Engine Nissan CG10DE,1992-2003,998,distributed injection,55 - 60,79 - 80,aluminum r4,9.5 &#8211; 9.8,no,92,euro 2/3,~200 000,5w-30,Nissan,1992
1203,Engine Mitsubishi 4D68,1991-2002,1998,prechambers,,,cast iron r4,22.4,,diesel,,~300 000,5w-40,Mitsubishi,1991
1204,Engine Mitsubishi 4D65,1983-1995,1795,prechamber,,,cast iron r4,22.2,,diesel,,~250 000,5w-40,Mitsubishi,1983
1205,Engine Mitsubishi 4G67,1989-1992,1836,injector,135,159,cast iron r4,9.2,no,92,euro 2,~350 000,5w-30,Mitsubishi,1989
1206,Engine Toyota 3UR-FE,since 2007,5663,mpi,367 - 383,530- 546,aluminum v8,10.2,no,92,euro 3/4,~600 000,5w-30,Toyota,2007
1207,Engine Toyota V35A-FTS,since 2017,3444,direct injection d-4st,350 - 420,550 - 650,aluminum v6,10.5,twin-turbo,98,euro 5,~300 000,0w-20,Toyota,2017
1208,Engine Toyota 2WZ-TV,2005-2007,1399,common rail,54,130,aluminum r4,17.9,borgwarner kp35,diesel,euro 3,~280 000,5w-30,Toyota,2005
1209,Engine Toyota 1PZ,1990-1993,3469,vortex chamber idi,115,230,cast iron r5,22.7,no,diesel,euro 1,~500 000,10w-30,Toyota,1990
1210,Engine Toyota 2L,1982-2004,2446,prechamber,,,cast iron r4,,,diesel,,~260 000,5w-40,Toyota,1982
1211,Engine Toyota 3L,1988-2015,2779,prechamber,78 - 91,188,cast iron r4,22.2,no,diesel,euro 1/2,~400 000,5w-40,Toyota,1988
1212,Engine Toyota 5L / 5L-E,since 1994,2986,prechamber,,,cast iron r4,22.2,no,diesel,,~450 000,5w-40,Toyota,1994
1213,Engine Toyota 2KD-FTV,since 2001,2494,common rail denso,120 - 142,325 - 343,cast iron r4,17.4 &#8211; 18.5,normal and vnt,diesel,euro 2/3/4,~300 000,5w-30,Toyota,2001
1214,Engine Toyota 1GD-FTV,since 2015,2755,common rail denso,177,420 - 450,cast iron r4,15.6,vgt or vnt,diesel,euro 4/5/6,~250 000,0w-30,Toyota,2015
1215,Engine Toyota 2C,1983-2001,1974,prechamber,,,cast iron r4,23,,diesel,,~250 000,5w-40,Toyota,1983
1216,Engine Toyota 2VZ-FE,1988-1991,2507,mpi,159,216,cast iron v6,9,no,92,euro 1/2,~250 000,5w-30,Toyota,1988
1217,Engine Toyota 4VZ-FE,1991-1996,2496,mpi,173,224,cast iron v6,9.6,no,92,euro 1/2,~250 000,5w-30,Toyota,1991
1218,Engine Toyota 3VZ-E,1988-1995,2958,mpi,145 - 150,245,cast iron v6,9,no,92,euro 1/2,~250 000,5w-30,Toyota,1988
1219,Engine Toyota 1Y,1982-1991,1626,carburetor,84,135,cast iron r4,8.8,no,92,euro 0,~250 000,5w-30,Toyota,1982
1220,Engine Toyota 3S-FC,1986-1992,1998,carburetor,111,166,cast iron r4,9.8,no,92,euro 0,~300 000,5w-30,Toyota,1986
1221,Engine Toyota 3S-FSE,1996-2003,1998,direct injection d4,145,196,cast iron r4,11,,95,euro 3,~300 000,"5w-30, 5w-40",Toyota,1996
1222,Engine Toyota 3S-GE,1984-2005,1998,injector,,,cast iron r4,,no,,,~500 000,"5w-30, 5w-40",Toyota,1984
1223,Engine Toyota 3S-GTE,1986-2007,1998,injector,,,cast iron r4,,,,,~300 000,"5w-30, 5w-40",Toyota,1986
1224,Engine Toyota 1SZ-FE,1999-2005,997,mpi,69,95,cast iron r4,10,no,92,euro 3/4,~200 000,5w-30,Toyota,1999
1225,Engine Toyota 3E,1986-1994,1456,carburetor,79 - 88,118 - 121,cast iron r4,9.3,no,92,euro 0,~230 000,5w-30,Toyota,1986
1226,Engine Toyota 1NZ-FXE,since 1997,1497,injector mpi,70 - 77,110 - 115,aluminum r4,13 &#8211; 13.4,no,95,euro 4/5,~250 000,5w-30,Toyota,1997
1227,Engine Toyota 1KR-FE,since 2004,996,injector mpi,68 - 71,90 - 94,aluminum r3,10.5,no,95,euro 4/5,~200 000,5w-20,Toyota,2004
1228,Engine Toyota 2NR-FKE,since 2015,1496,injector mpi,109,136,aluminum r4,13.5,no,98,euro 5,~200 000,0w-20,Toyota,2015
1229,Engine Toyota 2AZ-FSE,2003-2009,2362,direct injection d4,163,230,aluminum r4,11,no,95,euro 4/5,~250 000,5w-30,Toyota,2003
1230,Engine Toyota 1NR-FE,since 2008,1329,injector mpi,95 - 101,118 - 132,aluminum r4,10.5 &#8211; 11.5,no,95,euro 3/4/5,~200 000,5w-20,Toyota,2008
1231,Engine Toyota M20A-FKS,since 2018,1986,combined injection d4-s,170 - 178,200 - 210,aluminum r4,13,no,95,euro 6,~250 000,0w-20,Toyota,2018
1232,Engine Toyota 3ZR-FAE,since 2008,1987,mpi,148 - 158,190 - 200,aluminum r4,10 &#8211; 10.5,no,95,euro 4/5,~250 000,5w-20,Toyota,2008
1233,Engine Toyota 1C,1982-1992,1839,prechamber,,,cast iron r4,23,,diesel,euro 0,~230 000,5w-40,Toyota,1982
1234,Engine Toyota 1ZR-FAE,since 2009,1598,mpi,128 - 132,157 - 162,aluminum r4,10.7,no,95,euro 4/5,~250 000,5w-20,Toyota,2009
1235,Engine Toyota 2ZR-FAE,since 2007,1798,mpi,140 - 150,170 - 175,aluminum r4,10.5,no,95,euro 4/5,~250 000,5w-20,Toyota,2007
1236,Engine Toyota 2ZR-FXE,since 2009,1798,distributed injection,95 - 99,142,aluminum r4,13,no,95,euro 5/6,~300 000,5w-20,Toyota,2009
1237,Engine Toyota 1AD-FTV,2005-2018,1998,common rail,122 - 127,300 - 310,aluminum r4,15.8 &#8211; 16.8,yes,diesel,euro 4/5,~250 000,"0w-30, 5w-30",Toyota,2005
1238,Engine Toyota 1RZ-E,1989-2004,1998,injector mpi,100 - 110,160 - 170,cast iron r4,9,no,92,euro 2/3,~400 000,5w-30,Toyota,1989
1239,Engine Toyota 2RZ-E,1989-2004,2438,injector mpi,120,198,cast iron r4,8.8,no,92,euro 2/3,~500 000,5w-30,Toyota,1989
1240,Engine Toyota 2RZ-FE,1995-2004,2438,injector mpi,142,217,cast iron r4,9.5,no,92,euro 2/3,~500 000,5w-30,Toyota,1995
1241,Engine Toyota 1TR-FE,since 2004,1998,mpi,,182,cast iron r4,,no,,,~400 000,5w-20,Toyota,2004
1242,Engine Toyota 2TZ-FE,1990-1999,2438,mpi,133,206,cast iron r4,9.3,no,92,euro 1/2,~200 000,5w-30,Toyota,1990
1243,Engine Toyota 1JZ-GTE,1990-2007,2492,injector,280,,cast iron r6,,yes,95,,~500 000,"5w-30, 5w-40",Toyota,1990
1244,Engine Toyota 1JZ-FSE,1999-2007,2492,direct injection d4,200,250,cast iron r6,11,no,95,euro 3/4,~250 000,5w-30,Toyota,1999
1245,Engine Toyota 2JZ-GTE,1991-2002,2997,injector,,,cast iron r6,8.5,yes,95,,~500 000,"5w-30, 5w-40",Toyota,1991
1246,Engine Toyota 2JZ-FSE,1999-2007,2997,direct injection d4,217 - 220,294 - 303,cast iron r6,11.3,no,95,euro 3/4,~250 000,5w-30,Toyota,1999
1247,Engine Toyota 6GR-FE,since 2013,3956,distributed injection,232,345,aluminum v6,10,no,95,euro 5,~350 000,5w-30,Toyota,2013
1248,Engine Toyota 1UR-FSE,since 2006,4608,direct injection,365 - 392,460 - 500,aluminum v8,11.8,no,95,euro 4/5,~400 000,5w-30,Toyota,2006
1249,Engine Toyota 7M-GE,1986-1992,2954,injector,190 - 205,250 - 265,cast iron r6,9.1,no,92,euro 2,~300 000,5w-30,Toyota,1986
1250,Engine Toyota 2MZ-FE,1995-2002,2496,injector mpi,200 - 210,244 - 289,aluminum v6,11,no,98,euro 3/4,~300 000,5w-30,Toyota,1995
1251,Engine Toyota 3MZ-FE,2002-2015,3310,injector mpi,225 - 255,325 - 350,aluminum v6,10.8,no,95,euro 3/4,~400 000,5w-30,Toyota,2002
1252,Engine Toyota 5E-FHE,1990-1999,1497,injector,110 - 115,130 - 135,cast iron r4,9.8,no,92,euro 2,~250 000,5w-30,Toyota,1990
1253,Engine Toyota 1UR-FE,since 2006,4608,mpi,296 - 347,439 - 460,aluminum v8,10.2,no,92,euro 3/4,~450 000,5w-30,Toyota,2006
1254,Engine Toyota 5GR-FE,2005-2017,2497,distributed injection,197,242,aluminum v6,10,no,95,euro 4/5,~300 000,5w-30,Toyota,2005
1255,Engine Nissan ??24?,1988-1999,2389,distributed injection,115 - 140,190 - 205,cast iron r4,8.6 &#8211; 9.1,no,92,euro 1/2,~375 000,5w-30,Nissan,1988
1256,Engine Renault F4Rt,2001-2016,1998,injector,,,cast iron r4,,yes,petrol,euro 3/4/5,~350 000,"5w-30, 5w-40",Renault,2001
1257,Engine Renault F9Qt (dTi),1997-2003,1870,direct injection,80 - 98,160 - 200,cast iron r4,18.3,yes,diesel,euro 2/3,~400 000,"5w-30, 5w-40",Renault,1997
1258,Engine Nissan HR10DDT,2019-,999,direct injection,110 - 117,180 - 200,aluminum r3,10.5,yes,95,euro 6,~220 000,5w-30,Nissan,2019
1259,Engine Nissan HRA2DDT / Nissan HR12DDT,2013-2018,1197,direct injection,115,190,aluminum r4,10,mhi td02h2,95,euro 5/6,~200 000,5w-30,Nissan,2013
1260,Engine Nissan HR12DE,2010-,1198,distributed injection,79 - 84,103 - 110,aluminum r3,10.7,no,92,euro 5/6,~250 000,5w-30,Nissan,2010
1261,Engine Nissan HR12DDR,2011-2020,1198,direct injection,98,143,aluminum r3,12.0 &#8211; 13.0,eaton r410,95,euro 5/6,~240 000,0w-20,Nissan,2011
1262,Engine Nissan HR13DDT,2017-,1332,direct injection,140 - 160,240 - 270,aluminum r4,10.5,garrett ngt1241mksz,95,euro 5/6,~220 000,5w-30,Nissan,2017
1263,Engine Nissan HR15DE,2004-,1498,distributed injection,100 - 116,134 - 156,aluminum r4,10.5 &#8211; 11.0,no,92,euro 4/5,~230 000,5w-30,Nissan,2004
1264,Engine Renault H4M,since 2004,1598,injector,110 - 115,150 - 155,aluminum r4,10.7,no,petrol,euro 5,~300 000,"5w-30, 5w-40",Renault,2004
1265,Engine Nissan MR18DE,2004-,1797,distributed injection,122 - 128,173 - 176,aluminum r4,9.9 &#8211; 10,no,95,euro 4/5,~240 000,5w-30,Nissan,2004
1266,Engine Nissan KA20DE,1999-2009,1998,distributed injection,120,170,cast iron r4,9.5,no,92,euro 2/3/4,~340 000,5w-30,Nissan,1999
1267,Engine Nissan SR20DET,1989-2001,1998,distributed injection,200 - 250,270 - 300,aluminum r4,8.3 &#8211; 8.5,garrett t25 or t28,95,euro 2/3/4,~300 000,5w-30,Nissan,1989
1268,Engine Nissan KR15DDT,2021-,1477 &#8211; 1497,direct injection,201,300,aluminum r3,8.0 &#8211; 14.0,yes,95,euro 6,~200 000,5w-30,Nissan,2021
1269,Engine Nissan QG13DE,1998-2012,1295,distributed injection,87 - 90,113 - 120,cast iron r4,10,no,95,euro 3/4,~220 000,5w-30,Nissan,1998
1270,Engine Nissan QG18DD,1999-2007,1769,neo-di direct injection,130,174,cast iron r4,11,no,98,euro 4/5,~200 000,5w-30,Nissan,1999
1271,Engine Nissan VQ25DD,1998-2007,2495,neo-di direct injection,210 - 215,265 - 270,aluminum v6,11.0 &#8211; 11.3,no,98,euro 4/5,~320 000,5w-30,Nissan,1998
1272,Engine Nissan VQ30DD,1996-2004,2987,neo-di direct injection,230 - 260,295 - 325,aluminum v6,11,no,98,euro 4/5,~300 000,5w-30,Nissan,1996
1273,Engine Nissan VG20,1983-1999,1998,distributed injection,,,cast iron v6,,,92,euro 2/3,~350 000,5w-30,Nissan,1983
1274,Engine Nissan SR20VE,1997-2003,1998,distributed injection,190 - 205,196 - 206,aluminum r4,11,no,95,euro 3/4,~330 000,5w-30,Nissan,1997
1275,Engine Nissan SR20VET,2001-2007,1998,distributed injection,280,309,aluminum r4,9,garrett t28,95,euro 3/4,~300 000,5w-30,Nissan,2001
1276,Engine Nissan QR20DD,2000-2005,1998,neo-di direct injection,150,200,aluminum r4,11,no,98,euro 4,~200 000,5w-30,Nissan,2000
1277,Engine Nissan QR25DD,2001-2007,2488,neo-di direct injection,170,245,aluminum r4,10.7,no,98,euro 4,~220 000,5w-30,Nissan,2001
1278,Engine Renault M4R,since 2005,1997,injector,130 - 145,190 - 210,aluminum r4,10.2,no,petrol,euro 4/5,~350 000,"5w-30, 5w-40",Renault,2005
1279,Engine Nissan MR15DDT,2022-,1461,direct injection,190 (with electric motor),330 (with electric motor),aluminum r3,12,yes,98,euro 6,~250 000,0w-20,Nissan,2022
1280,Engine Nissan MR16DDT,2010-,1618,direct injection,163 - 218,240 - 280,aluminum r4,9.5 &#8211; 10.5,single tf035hl8,95,euro 4/5,~220 000,5w-30,Nissan,2010
1281,Engine Nissan MRA8DE,2012-,1797,distributed injection,130,174,aluminum r4,9.9,no,95,euro 4/5,~250 000,5w-30,Nissan,2012
1282,Engine Nissan MR20DD,2010-,1997,direct injection,140 - 150,200 - 210,aluminum r4,11.2 &#8211; 12.5,no,98,euro 5/6,~220 000,5w-30,Nissan,2010
1283,Engine Nissan GA14DE (GA14S/DS),1985-2000,1392,carburetor / injector,75 - 88,111 - 116,aluminum r4,9.8 &#8211; 9.9,no,,euro 1/2,~400 000,"3.2 l 5w-30, 5w-40, 10w-30, 10w-40",Nissan,1985
1284,Engine Nissan VQ30DET,1995-2007,2987,distributed injection,270 - 280,365 - 385,aluminum v6,9,one garrett turbine,95,euro 3/4,~300 000,5w-30,Nissan,1995
1285,Engine Nissan VQ35HR,,3498,injector,300 - 315,340 - 365,aluminum v6,10.6,no,95,euro 4/5,~400 000,"5w-30, 5w-40",Nissan,
1286,Engine Renault V9X,2008-2015,2993,common rail,230 - 240,450 - 550,cast iron v6,16,yes,diesel,euro 5,~250 000,"5w-30, 5w-40",Renault,2008
1287,Engine Renault R9M,since 2011,1598,common rail,,,cast iron r4,15.4,yes,diesel,euro 5/6,~400 000,5w-30,Renault,2011
1288,Engine Renault Z7X,,2963,injector,,,v6,,,,,,,Renault,
1289,Engine Nissan VQ25DE,,2495,distributed injection,,,aluminum v6,,no,95,,~330 000,5w-30,Nissan,
1290,Engine Nissan VG30DET,1986-1996,2960,distributed injection,255,343,cast iron v6,8.5,garrett t3,92,euro 2/3,~360 000,5w-30,Nissan,1986
1291,Engine Nissan VG30DE,1986-2000,2960,distributed injection,185 - 230,245 - 280,cast iron v6,9.0 &#8211; 11.0,no,92,euro 2/3,~375 000,5w-30,Nissan,1986
1292,Engine Nissan VQ20DE,,1995,distributed injection,140 - 160,175 - 200,aluminum v6,9.5 &#8211; 10,no,95,euro 3/4,~300 000,5w-30,Nissan,
1293,Engine Mitsubishi 4J11,since 2012,1998,injector,150 - 166,195 - 201,aluminum r4,10.5,no,95,euro 5/6,~250 000,5w-20,Mitsubishi,2012
1294,Engine Mitsubishi 6A12,1992-2010,1998,injector,,,cast iron v6,,"no (except for <a href=""https://mymotorlist.com/engines/mitsubishi/6a12tt/"">6a12tt</a>, for which a",95,euro 2/3,~250 000,5w-40,Mitsubishi,1992
1295,Engine Mitsubishi 4G91,1991-1996,1496,,,,cast iron r4,,no,92,,~275 000,5w-30,Mitsubishi,1991
1296,Engine Mitsubishi 6A11,1992-2000,1829,injector,135,167,cast iron v6,9.5,no,95,euro 2/3,~275 000,5w-40,Mitsubishi,1992
1297,Engine Mitsubishi 4J10,since 2012,1798,injector,140,172,aluminum r4,10.7,no,95,euro 5/6,~220 000,5w-20,Mitsubishi,2012
1298,Engine Hyundai-Kia G6CU,1999-2007,3497,distributed injection,195 - 220,290 - 315,cast iron v6,10,no,92,euro 3,~350 000,"5w-30, 5w-40",Hyundai-Kia,1999
1299,Engine Mitsubishi 6G71,1986-1992,1998,,,,cast iron v6,,,92,,~300 000,5w-40,Mitsubishi,1986
1300,Engine Mitsubishi 6G72TT,1990-2000,2972,distributed injection,280 - 325,407 - 427,cast iron v6,8,two mhi td04,92,euro 2,~220 000,5w-40,Mitsubishi,1990
1301,Engine Mitsubishi 4M41,since 1999,3200,,,,cast iron r4,,,diesel,,~400 000,5w-30,Mitsubishi,1999
1302,Engine Mitsubishi 8A80,1999-2001,4498,direct injection,280,412,aluminum v8,10.7,no,98,euro 4,~300 000,5w-30,Mitsubishi,1999
1303,Engine Mitsubishi 4D55,1980-1986,2346,prechamber,,,cast iron r4,21,,diesel,,~275 000,5w-40,Mitsubishi,1980
1304,Engine Hyundai D4BA,1989-2003,2477,prechambers,75 - 80,140 - 160,cast iron r4,21,no,diesel,euro 1/2,~400 000,"5w-40, 10w-40",Hyundai,1989
1305,Engine Hyundai D4BF,1991-2004,2477,prechambers,80 - 85,194 - 208,cast iron r4,21,yes,diesel,euro 1/2,~450 000,"5w-40, 10w-40",Hyundai,1991
1306,Engine Hyundai D4BH,since 1997,2477,prechambers,100 - 105,225 - 240,cast iron r4,21,yes,diesel,euro 2/3,~450 000,"5w-40, 10w-40",Hyundai,1997
1307,Engine Mitsubishi 4G61,1987-1995,1595,,,,cast iron r4,,,92,euro 2/3,~250 000,5w-30,Mitsubishi,1987
1308,Engine Mitsubishi 4G62,1979-1989,1795,,,,cast iron r4,,,92,,~250 000,5w-30,Mitsubishi,1979
1309,Engine Hyundai-Kia G4JS,1998-2007,2351,distributed injection,140 - 150,190 - 210,cast iron r4,10,no,92,euro 2/3,~500 000,"5w-30, 5w-40",Hyundai-Kia,1998
1310,Engine Mitsubishi 4J12,since 2013,2360,distributed injection,168,220,aluminum r4,10.5,no,95,euro 5/6,~275 000,5w-20,Mitsubishi,2013
1311,Engine Hyundai G6AT,1990-2003,2972,distributed injection,141 - 161,220 - 250,cast iron v6,8.9,no,92,euro 2,~220 000,5w-40,Hyundai,1990
1312,Engine Mitsubishi 4G54,1978-1992,2555,,,,cast iron r4,,,92,,~450 000,5w-40,Mitsubishi,1978
1313,Engine Mitsubishi 4G15T,2004-2013,1468,distributed injection,147 - 177,210 - 230,cast iron r4,9,mhi tf035hm,95,euro 4/5,~250 000,5w-30,Mitsubishi,2004
1314,Engine Mitsubishi 6A10,1991-1996,1597,injector,140,147,cast iron v6,10,no,95,euro 2,~250 000,5w-40,Mitsubishi,1991
1315,Engine Mitsubishi 4G33,1970-1998,1439,,,,cast iron r4,,no,92,,~275 000,5w-40,Mitsubishi,1970
1316,Engine Mitsubishi 4G37,1983-1994,1755,,,,cast iron r4,,no,92,,~350 000,5w-40,Mitsubishi,1983
1317,Engine Mitsubishi 4N14,since 2010,2268,common rail,150 - 177,360 - 380,aluminum r4,14.9,vgt,diesel,euro 5/6,~350 000,5w-30,Mitsubishi,2010
1318,Engine Hyundai-Kia G4FG,since 2010,1591,distributed injection,123 - 132,150 - 158,aluminum r4,10.5,no,92,euro 4/5,~300 000,"0w-30, 5w-30",Hyundai-Kia,2010
1319,Engine Hyundai-Kia G4FJ,since 2011,1591,direct injection,177 - 204,265,aluminum r4,9.5,yes,95,euro 5/6,~250 000,"0w-30, 5w-30",Hyundai-Kia,2011
1320,Engine Hyundai-Kia G4FM,since 2018,1598,distributed injection,123,154,aluminum r4,11.2,no,95,euro 5/6,~250 000,5w-30,Hyundai-Kia,2018
1321,Engine Hyundai-Kia G4FP,since 2019,1598,direct injection,180 - 204,265,aluminum r4,10.5,yes,95,euro 6,~240 000,5w-30,Hyundai-Kia,2019
1322,Engine Hyundai-Kia G4FT,since 2020,1598,direct injection,,265,aluminum r4,10.5,yes,95,euro 6,~250 000,5w-30,Hyundai-Kia,2020
1323,Engine Hyundai-Kia G4LC,since 2014,1368,distributed injection,100,133,aluminum r4,10.5,no,92,euro 5/6,~300 000,"0w-30, 5w-30",Hyundai-Kia,2014
1324,Engine Hyundai-Kia D4FC,2010-2018,1396,common rail,75 - 90,,cast iron r4,,yes,diesel,,~300 000,"0w-30, 5w-30",Hyundai-Kia,2010
1325,Engine Hyundai-Kia D4FB,2005-2020,1582,common rail,,,cast iron r4,,yes,diesel,,~350 000,"0w-30, 5w-30",Hyundai-Kia,2005
1326,Engine Hyundai-Kia D4EA,2001-2012,1991,common rail,112 - 150,235 - 305,cast iron r4,17.3 &#8211; 17.7,yes,diesel,euro 3/4,~400 000,"5w-30, 5w-40",Hyundai-Kia,2001
1327,Engine Hyundai-Kia G4NA,since 2010,1999,distributed injection,150 - 167,190 - 200,aluminum r4,10.3,no,92,euro 4/5,~300 000,"5w-20, 5w-30",Hyundai-Kia,2010
1328,Engine Opel Z20LET,2000-2005,1998,distributed injection,190 - 200,250,cast iron r4,8.8,yes,95,euro 4,~250 000,5w-30,Opel,2000
1329,Engine Opel Z24SED,2006-2011,2405,distributed injection,136,220,cast iron r4,9.6,no,95,euro 4,~400 000,5w-30,Opel,2006
1330,Engine Opel Z32SE,2006-2011,3195,distributed injection,227,297,aluminum v6,10.3,no,95,euro 4,~250 000,5w-30,Opel,2006
1331,Engine Opel Z18XE,2000-2009,1796,distributed injection,125,170,cast iron r4,10.5,no,95,euro 4,~300 000,5w-30,Opel,2000
1332,Engine Opel X16XEL,1994-2000,1598,distributed injection,100,150,cast iron r4,10.5,no,92,euro 2,~275 000,5w-30,Opel,1994
1333,Engine Opel Z16XEP,2002-2009,1598,distributed injection,105,150,cast iron r4,10.5,no,95,euro 4,~300 000,5w-30,Opel,2002
1334,Engine Opel Z16XE,2000-2005,1598,distributed injection,101,150,cast iron r4,10.5,no,95,euro 4,~320 000,5w-30,Opel,2000
1335,Engine Opel Y20DTH,2000-2005,1995,direct injection,101,230,cast iron r4,18.5,yes,diesel,euro 3,~320 000,5w-40,Opel,2000
1336,Engine Opel A20DTH,2008-2015,1956,common rail,160 - 170,350,cast iron r4,16.5,vgt,diesel,euro 5,~250 000,5w-30,Opel,2008
1337,Engine Opel Z16XER,2006-2010,1598,distributed injection,115,155,cast iron r4,10.8,no,95,euro 4,~350 000,5w-30,Opel,2006
1338,Engine Opel Z10XE,2000-2003,973,distributed injection,58,85,cast iron r3,10.1,no,95,euro 4,~250 000,5w-30,Opel,2000
1339,Engine Opel Z12XE,2000-2004,1199,distributed injection,75,110,cast iron r4,10.1,no,95,euro 4,~270 000,5w-30,Opel,2000
1340,Engine Opel Z14XE,2000-2004,1389,distributed injection,90,125,cast iron r4,10.5,no,92,euro 4,~300 000,5w-30,Opel,2000
1341,Engine Opel Z17DTH,2003-2010,1686,common rail,101,240,cast iron r4,18.2,vgt,diesel,euro 4,~400 000,5w-30,Opel,2003
1342,Engine Opel A13DTE,2009-2017,1248,common rail,90 - 95,180 - 200,cast iron r4,16.8,vgt,diesel,euro 5,~300 000,5w-30,Opel,2009
1343,Engine Volvo B5254T4,2003-2007,2522,injector,300,350 - 400,aluminum r5,8.5,kkk k24,petrol,euro 3,~240 000,5w-30,Volvo,2003
1344,Engine Volvo B5254T3,2004-2008,2522,injector,220,320,aluminum r5,9,borgwarner k04,petrol,euro 4,~280 000,5w-30,Volvo,2004
1345,Engine Volvo B5254T6,2006-2009,2522,injector,200,300,aluminum r5,9,borgwarner k04,petrol,euro 4,~320 000,5w-30,Volvo,2006
1346,Engine Mitsubishi 4N15,since 2015,2442,common rail,154 - 181,380 - 430,aluminum r4,15.5,vgt,diesel,euro 5,~300 000,5w-30,Mitsubishi,2015
1347,Engine Volkswagen BLS,2005-2010,1896,unit-injectors,105,250,cast iron r4,19,yes,diesel,euro 4,~300 000,5w-40,Volkswagen,2005
1348,Engine Volkswagen BKC,2005-2010,1896,unit-injectors,105,250,cast iron r4,19,vgt,diesel,euro 3/4,~320 000,5w-40,Volkswagen,2005
1349,Engine Volkswagen BXE,2006-2010,1896,unit-injectors,105,250,cast iron r4,18.5,yes,diesel,euro 3/4,~275 000,5w-40,Volkswagen,2006
1350,Engine Audi CFGB,2009-2015,1968,common rail,170,350,cast iron r4,16.5,garrett gtc1549vz,diesel,euro 5,~300 000,5w-30,Audi,2009
1351,Engine Audi CCGA,2008-2012,5934,common rail,500,1000,cast iron v12,16,two garrett gtb2260vk,diesel,euro 5,~500 000,"5w-30, 5w-40",Audi,2008
1352,Engine Fiat 199A2000,2005-2016,1248,common rail,75,190,cast iron r4,17.6,borgwarner kp35,diesel,euro 4/5,~250 000,5w-40,Fiat,2005
1353,Engine Fiat 199A3000,2005-2018,1248,common rail,90,200,cast iron r4,17.6,borgwarner bv35,diesel,euro 4,~230 000,5w-40,Fiat,2005
1354,Engine Fiat 186A9000,2005-2010,1910,common rail,120,210,cast iron r4,18,garrett gt1749mv,diesel,euro 4,~380 000,5w-40,Fiat,2005
1355,Engine Fiat 192A8000,2004-2008,1910,common rail,120,255,cast iron r4,18,garrett gt1749mv,diesel,euro 4,~350 000,5w-40,Fiat,2004
1356,Engine Fiat 939A3000,2005-2010,2387,common rail,200,400,cast iron r5,17,borgwarner bv50 (garrett gtb2056v on some versions),diesel,euro 4,~300 000,5w-40,Fiat,2005
1357,Engine Volkswagen AAZ,1991-1998,1896,prechambers,75,140 - 150,cast iron r4,22.5,yes,diesel,euro 1/2,~450 000,5w-30,Volkswagen,1991
1358,Engine Volkswagen 1Z,1991-1997,1896,direct injection,90,202,cast iron r4,19.5,yes,diesel,euro 2,~450 000,5w-40,Volkswagen,1991
1359,Engine Audi CN,1978-1988,1986,prechambers,69,123,cast iron r5,23,no,diesel,euro 1,~300 000,5w-40,Audi,1978
1360,Engine Audi AAS,1991-1994,2370,prechambers,82,164,cast iron r5,23,no,diesel,euro 1,~380 000,5w-40,Audi,1991
1361,Engine Audi AAT,1991-1997,2460,direct injection,115,265,cast iron r5,20.5,yes,diesel,euro 2,~550 000,5w-40,Audi,1991
1362,Engine Audi 1T,1989-1991,2460,direct injection,120,265,cast iron r5,20.5,yes,diesel,euro 1,~500 000,5w-40,Audi,1989
1363,Engine Volkswagen AHF,1997-2000,1896,direct injection,110,235,cast iron r4,19.5,vgt,diesel,euro 2,~400 000,5w-40,Volkswagen,1997
1364,Engine Volkswagen ALH,1997-2010,1896,direct injection,90,210,cast iron r4,19.5,yes,diesel,euro 2/3,~440 000,5w-40,Volkswagen,1997
1365,Engine Volkswagen ASZ,2000-2005,1896,unit-injectors,130,310,cast iron r4,19,garrett gta1749mv,diesel,euro 3/4,~300 000,5w-40,Volkswagen,2000
1366,Engine Volkswagen BMM,2004-2010,1968,unit-injectors,140,320,cast iron r4,18.5,vgt,diesel,euro 4,~280 000,5w-30,Volkswagen,2004
1367,Engine Volkswagen BKD,2003-2011,1968,unit-injectors,140,320,cast iron r4,18,vgt,diesel,euro 3/4,~300 000,5w-30,Volkswagen,2003
1368,Engine Volkswagen CAYC,2009-2015,1598,common rail,105,250,cast iron r4,16.5,vgt,diesel,euro 5,~250 000,5w-30,Volkswagen,2009
1369,Engine Volkswagen AFN,1996-2000,1896,direct injection,110,235,cast iron r4,19.5,vgt,diesel,euro 2,~400 000,5w-40,Volkswagen,1996
1370,Engine Volkswagen AHU,1996-2001,1896,direct injection,90,202,cast iron r4,19.5,yes,diesel,euro 2,~430 000,5w-40,Volkswagen,1996
1371,Engine Audi AVG,1999-2001,1896,direct injection,110,235,cast iron r4,19.5,vgt,diesel,euro 2,~420 000,5w-40,Audi,1999
1372,Engine Audi AJM,1998-2001,1896,unit-injectors,115,285,cast iron r4,18,vgt,diesel,euro 3,~300 000,5w-40,Audi,1998
1373,Engine Audi AWX,2000-2008,1896,unit-injectors,130,285,cast iron r4,19,vgt,diesel,euro 3,~300 000,5w-40,Audi,2000
1374,Engine Volkswagen AVF,2000-2008,1896,unit-injectors,130,310,cast iron r4,19,vgt,diesel,euro 3,~310 000,5w-40,Volkswagen,2000
1375,Engine Audi BRE,2004-2008,1968,unit injectors,140,320,cast iron r4,18,vgt,diesel,euro 4,~275 000,5w-30,Audi,2004
1376,Engine Audi AFB,1997-1999,2496,direct injection,150,310,cast iron v6,19.5,vgt,diesel,euro 2,~250 000,5w-30,Audi,1997
1377,Engine Audi CAGA,2007-2013,1968,common rail,143,320,cast iron r4,16.5,vgt,diesel,euro 5,~350 000,5w-30,Audi,2007
1378,Engine Audi CDUC,2010-2015,2967,common rail,245,500,cast iron v6,16.8,htt gt2260,diesel,euro 5,~320 000,5w-30,Audi,2010
1379,Engine BMW B37 (C15/D15),since 2014,1496,common rail,95 - 116,220 - 270,aluminum r3,16.5,yes,diesel,euro 6,~300 000,,BMW,2014
1380,Engine BMW N47D20,since 2007,1995,common rail,,,aluminum r4,,,diesel,euro 5/6,~250 000,5w-30,BMW,2007
1381,Engine BMW N47D16,since 2007,1598,common rail,95 - 116,235 - 260,aluminum r4,16.5,yes,diesel,euro 5/6,~200 000,5w-30,BMW,2007
1382,Engine BMW M73B54,1994-2002,5379,distributed injection,326,490,aluminum v12,10,no,95,euro 3,~350 000,5w-40,BMW,1994
1383,Engine Volkswagen CBAB,2007-2015,1968,common rail,140,320,cast iron r4,16.5,kkk bv43,diesel,euro 4/5,~400 000,"5w-30, 5w-40",Volkswagen,2007
1384,Engine Hyundai-Kia G6CT,1990-2006,2972,distributed injection,185 - 205,250 - 280,cast iron v6,10,no,92,euro 2/3,~250 000,5w-40,Hyundai-Kia,1990
1385,Engine Hyundai G6AU,1994-1999,3497,distributed injection,225,305,cast iron v6,10,no,92,euro 2,~200 000,5w-40,Hyundai,1994
1386,Engine Hyundai-Kia G4CP,1988-2003,1997,injector,,,cast iron r4,,no,92,euro 1/2,~300 000,10w-40,Hyundai-Kia,1988
1387,Engine Hyundai G4CS,1986-2007,2351,injector,110 - 120,180 - 200,cast iron r4,8.5 &#8211; 8.6,no,92,euro 1/2,~300 000,10w-40,Hyundai,1986
1388,Engine Hyundai-Kia G4KK,2011-2017,2359,distributed injection,,,aluminum r4,13,no,95,euro 5,~270 000,5w-30,Hyundai-Kia,2011
1389,Engine Hyundai G4DJ,1985-1995,1468,injector,76 - 86,115 - 130,cast iron r4,9.4,no,92,euro 1/2,~200 000,10w-40,Hyundai,1985
1390,Engine Opel X16SZR,1995-2000,1598,single injection,75,128,cast iron r4,9.6,no,92,euro 2,~350 000,5w-30,Opel,1995
1391,Engine Opel X18XE1,1998-2000,1796,distributed injection,116,170,cast iron r4,10.5,no,92,euro 2,~320 000,5w-30,Opel,1998
1392,Engine Opel X22SE,1998-2000,2198,distributed injection,136,202,cast iron r4,9.6,no,92,euro 2,~400 000,5w-30,Opel,1998
1393,Engine Fiat 312A2000,since 2010,875,distributed injection,85,145,cast iron r2,10,mitsubishi td02v,petrol,euro 5/6,~200 000,0w-30,Fiat,2010
1394,Engine Fiat 199B1000,since 2009,1248,common rail,95,200,cast iron r4,16.8,borgwarner bv35,diesel,euro 5/6,~270 000,5w-30,Fiat,2009
1395,Engine Fiat 250A1000,since 2010,1956,common rail,115,280,cast iron r4,16.5,garrett gtd1449vzk,diesel,euro 5/6,~300 000,5w-30,Fiat,2010
1396,Engine  Fiat 198A2000,2008-2015,1598,common rail,120,300 - 320,cast iron r4,16.5,garrett gt1446z,diesel,euro 5,~250 000,5w-30,Fiat,2008
1397,Engine Fiat 198A3000,2008-2018,1598,common rail,105,290,cast iron r4,16.5,garrett gt1446z,diesel,euro 5,~270 000,5w-30,Fiat,2008
1398,Engine Volkswagen AUY,2000-2006,1896,unit-injectors,115,310,cast iron r4,18,vgt,diesel,euro 3,~330 000,5w-40,Volkswagen,2000
1399,Engine Peugeot DW12TED4,2000-2006,2179,common rail,128 - 133,315,cast iron r4,18,garrett gt1549p,diesel,euro 3/4,~400 000,"5w-40, 5w-30",Peugeot,2000
1400,Engine Peugeot DW12UTED,2002-2006,2179,common rail,100,250,cast iron r4,17.5,mhi td03,diesel,euro 3,~500 000,5w-30,Peugeot,2002
1401,Engine Mitsubishi 6B31,since 2006,2998,injector,220 - 230,276 - 291,aluminum v6,9.5-10.5,no,92,euro 4,~300 000,5w-30,Mitsubishi,2006
1402,Engine Peugeot DW10FDTED4,since 2013,1997,common rail,150,370,cast iron r4,16.7,vgt,diesel,euro 5/6,~320 000,5w-30,Peugeot,2013
1403,Engine Peugeot DW10FCTED4,since 2014,1997,common rail,175 - 180,400,cast iron r4,16.7,vgt,diesel,euro 5/6,~300 000,5w-30,Peugeot,2014
1404,Engine Peugeot EW10D,2001-2004,1997,direct injection,140,192,aluminum r4,11.4,no,petrol,euro 4,~250 000,5w-40,Peugeot,2001
1405,Engine Peugeot ES9J4S,2000-2005,2946,injector,207,285,aluminum v6,10.9,no,petrol,euro 3/4,~350 000,5w-30,Peugeot,2000
1406,Engine Peugeot DW10CTED4,2009-2015,1997,common rail,163,340,cast iron r4,16,no,diesel,euro 5,~350 000,5w-30,Peugeot,2009
1407,Engine Peugeot DW10ATED4,2000-2006,1997,common rail,107 - 109,270,cast iron r4,17.6,yes,diesel,euro 3/4,~350 000,5w-40,Peugeot,2000
1408,Engine Peugeot EW10A,since 2005,1997,injector,140 - 145,180 - 200,aluminum r4,11,no,petrol,euro 4,~330 000,5w-30,Peugeot,2005
1409,Engine Fiat 263A1000,since 2009,1956,common rail,135,320,cast iron r4,16.5,borgwarner kp39,diesel,euro 5/6,~280 000,5w-30,Fiat,2009
1410,Engine Volvo B4164T,2010-2016,1596,direct injection,180,240,aluminum r4,10,borgwarner kp39,petrol,euro 5,~200 000,5w-30,Volvo,2010
1411,Engine Renault G8T,1993-2002,2188,prechambers,,,cast iron r4,,,diesel,euro 1/2,~500 000,"5w-40, 10w-40",Renault,1993
1412,Engine Volvo D5244T4,2005-2010,2400,common rail,185,400,aluminum r5,17.3,vgt,diesel,euro 4,~350 000,0w-30,Volvo,2005
1413,Engine Toyota 2NR-FE,since 2010,1496,injector mpi,,,aluminum r4,,no,,,~200 000,5w-20,Toyota,2010
1414,Engine Great Wall GW4D20M,since 2019,1996,common rail,150 - 160,400,cast iron r4,16.3,yes,diesel,euro 5/6,~250 000,5w-30,Great,2019
1415,Engine Toyota 2Y,1982-1997,1812,carburetor,80 - 95,140 - 155,cast iron r4,8.8,no,92,euro 0,~275 000,5w-30,Toyota,1982
1416,Engine Toyota 3Y,1982-1991,1998,carburetor,85 - 100,155 - 165,cast iron r4,8.8,no,92,euro 0,~300 000,5w-30,Toyota,1982
1417,Engine Toyota 3Y-E,1984-1997,1998,injector,97,160,cast iron r4,8.8,no,92,euro 2,~340 000,5w-30,Toyota,1984
1418,Engine Toyota 3Y-EU,1983-1996,1998,injector,95 - 115,160 - 180,cast iron r4,9,no,92,euro 2,~330 000,5w-30,Toyota,1983
1419,Engine Toyota 4Y,1985-1997,2237,carburetor,90 - 95,175 - 185,cast iron r4,8.8,no,92,euro 0,~320 000,5w-30,Toyota,1985
1420,Engine Peugeot XUD7TE,1987-1995,1769,prechamber,90 - 92,180,cast iron r4,22,turbine kkk,diesel,euro 1,~350 000,5w-40,Peugeot,1987
1421,Engine Hyundai-Kia G4LD,since 2016,1353,direct injection,130 - 140,212 - 242,aluminum r4,10,hyundai wia,95,euro 5/6,~250 000,"0w-30, 5w-30",Hyundai-Kia,2016
1422,Engine Hyundai-Kia G4LE,since 2016,1579,direct injection,105 (139 with electrical component),148 (265 with electrical component),aluminum r4,13,no,98,euro 6,~300 000,5w-30,Hyundai-Kia,2016
1423,Engine Hyundai-Kia G4NB,2010-2016,1797,distributed injection,150,178,aluminum r4,10.3,no,92,euro 4/5,~300 000,"5w-20, 5w-30",Hyundai-Kia,2010
1424,Engine Hyundai-Kia G4ND,since 2011,1999,distributed injection,150 - 172,195 - 205,aluminum r4,10.3,no,92,euro 5/6,~300 000,"5w-20, 5w-30",Hyundai-Kia,2011
1425,Engine Hyundai-Kia G4NH,since 2016,1999,distributed injection,149,180,aluminum r4,12.5,no,95,euro 5/6,~250 000,5w-30,Hyundai-Kia,2016
1426,Engine Hyundai-Kia G4NL,since 2019,1999,distributed injection,150,191,aluminum r4,10.8,no,92,euro 5/6,~200 000,"0w-20, 5w-30",Hyundai-Kia,2019
1427,Engine Hyundai G4DG,1985-1995,1298,injector,65 - 75,100 - 120,cast iron r4,9.7,no,92,euro 1/2,~200 000,10w-40,Hyundai,1985
1428,Engine Hyundai G6DE,since 2012,2999,distributed injection,250,284,aluminum v6,10.6,no,92,euro 4/5,~350 000,5w-30,Hyundai,2012
1429,Engine Hyundai-Kia G6DG,2011-2019,2999,direct injection,250 - 270,300 - 310,aluminum v6,11,no,95,euro 5,~320 000,5w-30,Hyundai-Kia,2011
1430,Engine Hyundai-Kia G6DL,2016-2021,2999,direct injection,265 - 270,308 - 317,aluminum v6,11,no,95,euro 6,~300 000,5w-30,Hyundai-Kia,2016
1431,Engine Hyundai-Kia G6DB,2004-2011,3342,distributed injection,233 - 259,304 - 316,aluminum v6,10.4,no,92,euro 3/4,~300 000,"5w-30, 5w-40",Hyundai-Kia,2004
1432,Engine Hyundai-Kia G6DH,2011-2020,3342,direct injection,282 - 300,337 - 348,aluminum v6,11.5,no,95,euro 5,~300 000,5w-30,Hyundai-Kia,2011
1433,Engine Hyundai-Kia G6DM,since 2016,3342,direct injection,,336 - 347,aluminum v6,12,no,95,euro 5/6,~300 000,5w-30,Hyundai-Kia,2016
1434,Engine Hyundai-Kia G6DC,since 2009,3470,distributed injection,250 - 290,336,aluminum v6,10.6,no,95,euro 5,~350 000,5w-30,Hyundai-Kia,2009
1435,Engine Hyundai-Kia G6DA,2004-2016,3778,distributed injection,240 - 284,343 - 369,aluminum v6,10.4,no,92,euro 3/4,~300 000,"5w-30, 5w-40",Hyundai-Kia,2004
1436,Engine Hyundai-Kia G6EA,2005-2013,2656,distributed injection,185 - 200,245 - 255,cast iron v6,10.4,no,92,euro 4,~350 000,"5w-30, 5w-40",Hyundai-Kia,2005
1437,Engine Hyundai-Kia G4KJ,since 2009,2359,direct injection,180 - 201,231 - 251,aluminum r4,11.3,no,95,euro 5/6,~300 000,"5w-20, 5w-30",Hyundai-Kia,2009
1438,Engine Hyundai-Kia G3LC,since 2015,998,direct injection,100 - 120,172,aluminum r3,10,garrett ngt1038klsz,95,euro 5/6,~220 000,5w-30,Hyundai-Kia,2015
1439,Engine Hyundai-Kia G4LA,since 2008,1248,distributed injection,,,aluminum r4,10.5,no,95,,~300 000,"5w-30, 5w-40",Hyundai-Kia,2008
1440,Engine Hyundai-Kia D3FA,2005-2019,1120,common rail,75,,cast iron r3,,yes,diesel,,~300 000,"0w-30, 5w-30",Hyundai-Kia,2005
1441,Engine Hyundai-Kia G4LH,since 2020,1482,direct injection,150 - 160,253,aluminum r4,10.5,yes,95,euro 6,~220 000,5w-30,Hyundai-Kia,2020
1442,Engine Hyundai-Kia G4NC,since 2011,1999,direct injection,150 - 177,192 - 213,aluminum r4,11.5,no,95,euro 5/6,~300 000,"5w-20, 5w-30",Hyundai-Kia,2011
1443,Engine Hyundai-Kia G4KH,since 2010,1998,direct injection,240 - 280,353 - 365,aluminum r4,9.5 &#8211; 10.0,yes,95,euro 5/6,~200 000,"5w-20, 5w-30",Hyundai-Kia,2010
1444,Engine Hyundai-Kia D4FE,since 2017,1598,common rail,116 - 136,280 - 320,aluminum r4,15.9,garrett gte1244vzm,diesel,euro 6d,~250 000,5w-30,Hyundai-Kia,2017
1445,Engine Hyundai-Kia G4KD,2008-2014,1998,distributed injection,145 - 165,190 - 200,aluminum r4,10.5,no,92,euro 4/5,~300 000,"5w-30, 5w-40",Hyundai-Kia,2008
1446,Engine Hyundai-Kia D4HA,since 2009,1995,common rail,136 - 184,320 - 400,cast iron r4,16 &#8211; 16.5,yes,diesel,euro 5/6,~400 000,"5w-30, 5w-40",Hyundai-Kia,2009
1447,Engine Hyundai-Kia D4FD,2010-2019,1685,common rail,,,cast iron r4,,yes,diesel,,~350 000,"0w-30, 5w-30",Hyundai-Kia,2010
1448,Engine Hyundai-Kia G6DF,2012-2020,3342,distributed injection,"270 (in some markets, power was limited to 249 hp)",318,aluminum v6,10.4,no,95,euro 5,~350 000,5w-30,Hyundai-Kia,2012
1449,Engine Hyundai-Kia G6DU,since 2020,3470,distributed injection,250 - 272,331,aluminum v6,10.6,no,92,euro 5/6,~300 000,5w-30,Hyundai-Kia,2020
1450,Engine Hyundai-Kia G4JP,1998-2011,1997,distributed injection,130 - 140,175 - 185,cast iron r4,10,no,92,euro 2/3,~450 000,"5w-30, 5w-40",Hyundai-Kia,1998
1451,Engine Hyundai-Kia G4KP,since 2020,2497,gdi + mpi,280 - 294,422,aluminum r4,10 &#8211; 10.5,yes,95,euro 5/6,~200 000,0w-30,Hyundai-Kia,2020
1452,Engine Hyundai D4EB,2005-2010,2188,common rail,150 - 155,335 - 343,cast iron r4,17.3,yes,diesel,euro 4,~400 000,"5w-30, 5w-40",Hyundai,2005
1453,Engine Hyundai-Kia D4HB,since 2009,2199,common rail,150 - 200,412 - 441,cast iron r4,16,garrett gtb1752vlk,diesel,euro 5/6,~450 000,"5w-30, 5w-40",Hyundai-Kia,2009
1454,Engine Hyundai-Kia D4HE,since 2020,2151,common rail,202,441,aluminum r4,16,borgwarner bv43,diesel,euro 5/6,~350 000,5w-30,Hyundai-Kia,2020
1455,Engine Hyundai-Kia G4NE,2012-2015,1999,distributed injection,"150 (190 with electrical component in 2012-2013 , 177 in 2013-2015)","180 (245 with electrical component in 2012-2013 , 319 in 2013-2015)",aluminum r4,12.5,no,95,euro 5,~250 000,5w-30,Hyundai-Kia,2012
1456,Engine Hyundai-Kia G4NG,2015-2020,1999,direct injection,154 (205 with electrical component),190 (375 with electrical component),aluminum r4,13.5,no,95,euro 6,~250 000,5w-30,Hyundai-Kia,2015
1457,Engine Hyundai G4CN,1992-1998,1836,injector,126,165,cast iron r4,9.2,no,92,euro 1/2,~300 000,10w-40,Hyundai,1992
1458,Engine Hyundai G4CM,1988-1998,1795,injector,90 - 100,135 - 145,cast iron r4,8.8 &#8211; 8.9,no,92,euro 1/2,~300 000,10w-40,Hyundai,1988
1459,Engine Hyundai-Kia G4JN,1998-2005,1836,injector,125 - 135,170 - 180,cast iron r4,10.5,no,92,euro 2/3,~300 000,10w-40,Hyundai-Kia,1998
1460,Engine Hyundai-Kia G4KA,2005-2013,1998,distributed injection,144 - 151,187 - 194,aluminum r4,10.5,no,92,euro 3/4,~350 000,"5w-30, 5w-40",Hyundai-Kia,2005
1461,Engine Mitsubishi 4G32,1969-1992,1597,,,,cast iron r4,,,92,,~300 000,5w-40,Mitsubishi,1969
1462,Engine Hyundai-Kia D4HD,since 2020,1998,common rail,186,417,aluminum r4,16,borgwarner,diesel,euro 5/6,~300 000,5w-30,Hyundai-Kia,2020
1463,Engine Hyundai-Kia D4FA,2005-2011,1493,common rail,79 - 110,170 - 235,cast iron r4,17.8,yes,diesel,euro 3/4,~350 000,"0w-30, 5w-30",Hyundai-Kia,2005
1464,Engine Hyundai-Kia G4KN,since 2019,2497,gdi + mpi,194,246,aluminum r4,13,no,95,euro 5,~250 000,5w-30,Hyundai-Kia,2019
1465,Engine Hyundai-Kia G4HC,1997-2003,999,distributed injection,,,cast iron r4,,no,92,,~200 000,5w-40,Hyundai-Kia,1997
1466,Engine Hyundai G4HD,2002-2014,1086,distributed injection,59 - 62,89 - 94,cast iron r4,9.6,no,92,euro 3,~250 000,5w-40,Hyundai,2002
1467,Engine Hyundai-Kia D6EB,since 2011,2959,common rail,250 - 260,470 - 560,cast iron v6,17.3,borgwarner bv50,diesel,euro 5/6,~360 000,5w-40,Hyundai-Kia,2011
1468,Engine Nissan VQ23DE,,2349,distributed injection,173,225,aluminum v6,9.8,no,95,euro 3/4,~320 000,5w-30,Nissan,
1469,Engine Nissan VQ25DET,2001-2004,2495,distributed injection,280,410,aluminum v6,8.5,one garrett turbine,95,euro 3/4,~300 000,5w-30,Nissan,2001
1470,Engine Nissan VG30DETT,1989-2000,2960,distributed injection,280 - 300,384,cast iron v6,8.5,double garrett t22/tb02,92,euro 2/3,~350 000,5w-30,Nissan,1989
1471,Engine Nissan VG30i,1985-1989,2960,single injection,130 - 140,210 - 220,cast iron v6,9,no,92,euro 1/2,~380 000,5w-30,Nissan,1985
1472,Engine Nissan VG30ET,1983-1991,2960,distributed injection,195 - 230,295 - 345,cast iron v6,7.8 &#8211; 8.3,garrett t3 or t25,92,euro 1/2,~360 000,5w-30,Nissan,1983
1473,Engine Land Rover 300Tdi,1994-2006,2495,direct injection,111 - 122,265 - 300,cast iron r4,19.5,garrett t250-04,diesel,euro 1,~320 000,5w-40,Land,1994
1474,Engine Land Rover 200Tdi,1989-1994,2495,direct injection,107 - 111,265,cast iron r4,19.5,garrett tb02,diesel,euro 1,~350 000,5w-40,Land,1989
1475,Engine Peugeot ES9A,2005-2009,2946,injector,211,290,aluminum v6,10.9,no,petrol,euro 4,~360 000,5w-30,Peugeot,2005
1476,Engine Peugeot DK5ATE,1994-2000,2446,prechamber,129,285,cast iron r4,22,yes,diesel,euro 1/2,~300 000,5w-40,Peugeot,1994
1477,Engine Peugeot DV4C,2009-2015,1399,common rail,68,160,aluminum r4,17.9,mhi td02h2,diesel,euro 4/5,~300 000,5w-30,Peugeot,2009
1478,Engine Hyundai-Kia G4KM,since 2019,2497,distributed injection,180,232,aluminum r4,10.5,no,95,euro 5,~250 000,5w-30,Hyundai-Kia,2019
1479,Engine Hyundai-Kia D4CB,since 2001,2497,common rail,116 - 177,314 - 441,cast iron r4,16.4 &#8211; 17.7,yes,diesel,euro 3/4/5,~350 000,"5w-30, 5w-40",Hyundai-Kia,2001
1480,Engine Hyundai-Kia G3LB,2012-2020,998,distributed injection,106,137,aluminum r3,9.5,yes,95,euro 5,~230 000,5w-30,Hyundai-Kia,2012
1481,Engine Hyundai-Kia G3LA,since 2011,998,distributed injection,67,95,aluminum r3,10.5,no,95,euro 5,~280 000,5w-30,Hyundai-Kia,2011
1482,Engine BMW M51D25,1991-2001,2497,vortex chamber,,,cast iron r6,22,,diesel,,~350 000,5w-40,BMW,1991
1483,Engine Volvo B4164S3,2005-2011,1596,injector,100,150,aluminum r4,11,no,petrol,euro 4,~320 000,5w-30,Volvo,2005
1484,Engine Volvo B4184S11,2004-2009,1798,injector,125,165,aluminum r4,10.8,no,petrol,euro 4,~330 000,5w-30,Volvo,2004
1485,Engine Volvo B4204S3,2006-2012,1999,injector,145,185 - 190,aluminum r4,10.8,no,petrol,euro 4,~350 000,5w-30,Volvo,2006
1486,Engine Volvo D4162T,2010-2016,1560,common rail,114,270,aluminum r4,16,garrett gtc1244vz,diesel,euro 5,~400 000,5w-30,Volvo,2010
1487,Engine Volvo D4204T8,2015-2019,1969,common rail,120,280,aluminum r4,16,single turbocharger,diesel,euro 5/6,~300 000,0w-20,Volvo,2015
1488,Engine Volvo B6304T2,2007-2010,2953,injector,285,400,aluminum r6,9.3,twin-scroll,petrol,euro 4,~300 000,0w-30,Volvo,2007
1489,Engine Volvo B6304T4,2010-2016,2953,injector,304,440,aluminum r6,9.3,twin-scroll,petrol,euro 5,~280 000,0w-30,Volvo,2010
1490,Engine Volvo B6324S5,2010-2016,3192,injector,243,320,aluminum r6,10.8,no,petrol,euro 5,~360 000,5w-30,Volvo,2010
1491,Engine Toyota 2UR-GSE,since 2007,4969,combined injection,416 - 477,503 - 540,aluminum v8,11.8 &#8211; 12.3,no,95,euro 5,~300 000,5w-30,Toyota,2007
1492,Engine Toyota 2AD-FTV,2005-2018,2231,common rail,136 - 150,310 - 360,aluminum r4,15.7 &#8211; 16.8,yes,diesel,euro 4/5,~250 000,"0w-30, 5w-30",Toyota,2005
1493,Engine Toyota 2AD-FHV,2005-2015,2231,common rail,170 - 177,380 - 400,aluminum r4,15.7,yes,diesel,euro 5,~250 000,"0w-30, 5w-30",Toyota,2005
1494,Engine Toyota 2UR-FSE,since 2007,4969,combined injection,394,520,aluminum v8,10.5,no,95,euro 4/5,~500 000,5w-30,Toyota,2007
1495,Engine Toyota T24A-FTS,since 2021,2393,combined injection d-4st,270 - 280,420 - 430,aluminum r4,11,twin-scroll,95,euro 6,~250 000,0w-20,Toyota,2021
1496,Engine Toyota M15A-FKS,since 2019,1490,direct injection d-4,120 - 125,145 - 153,aluminum r3,14,no,95,euro 6,~250 000,0w-20,Toyota,2019
1497,Engine Toyota M15A-FXE,since 2019,1490,distributed injection,91,120,aluminum r3,14,no,95,euro 6,~250 000,0w-20,Toyota,2019
1498,Engine Toyota M20A-FXS,since 2018,1986,combined injection d4-s,150,190,aluminum r4,14,no,95,euro 6,~250 000,0w-20,Toyota,2018
1499,Engine Toyota 1E,1984-1994,999,carburetor,55,75,cast iron r4,9.0 &#8211; 9.1,no,92,euro 0,~200 000,5w-30,Toyota,1984
1500,Engine Toyota 7GR-FKS,since 2015,3456,combined injection,280,350 - 365,aluminum v6,11.8,no,98,euro 5/6,~300 000,0w-20,Toyota,2015
1501,Engine Toyota 1N / 1N-T,1986-1999,1453,prechamber,,,cast iron r4,22,,diesel,euro 0,~200 000,5w-40,Toyota,1986
1502,Engine Mitsubishi 4N13,2010-2015,1798,common rail,150,300,aluminum r4,14.9,vgt,diesel,euro 5/6,~240 000,5w-30,Mitsubishi,2010
1503,Engine Renault F8Q,1988-2006,1870,prechambers,,,cast iron r4,,,diesel,euro 1/2,~500 000,"5w-40, 10w-40",Renault,1988
1504,Engine Renault F9Q (dCi),1998-2012,1870,common rail,,,cast iron r4,,yes,diesel,,~500 000,"5w-30, 5w-40",Renault,1998
1505,Engine Mitsubishi 6A13,1996-2005,2498,injector,160 - 175,220 - 230,cast iron v6,9.0 &#8211; 10.0,no,95,euro 2/3,~300 000,5w-40,Mitsubishi,1996
1506,Engine Mitsubishi 4G52,1973-1986,1995,carburetor,100 - 125,165 - 175,cast iron r4,8.5,no,92,euro 1,~300 000,5w-40,Mitsubishi,1973
1507,Engine Mitsubishi 6A12TT,1992-1996,1998,injector,215 - 240,310,cast iron v6,8.5,twin turbo,95,euro 2,~220 000,5w-40,Mitsubishi,1992
1508,Engine Mitsubishi 6A13TT,1996-2003,2498,injector,260 - 280,343 - 363,cast iron v6,8.5,twin-turbo,95,euro 3,~230 000,5w-40,Mitsubishi,1996
1509,Engine Nissan PR25DD,2018-,2488,direct injection,188,244,aluminum r4,12,no,95,euro 6,~300 000,5w-30,Nissan,2018
1510,Engine Hyundai D4BB,1993-2004,2607,prechambers,78 - 83,162 - 168,cast iron r4,21,no,diesel,euro 1/2,~450 000,"5w-40, 10w-40",Hyundai,1993
1511,Engine Hyundai G4KG,since 2007,2359,distributed injection,170 - 175,225 - 230,aluminum r4,10.5,no,92,euro 4/5,~400 000,"5w-30, 5w-40",Hyundai,2007
1512,Engine Hyundai-Kia G4KL,since 2017,1998,direct injection,250 - 255,353,aluminum r4,10,garrett ngt2056kszm,95,euro 5/6,~220 000,5w-30,Hyundai-Kia,2017
1513,Engine Nissan CR14DE,2002-2013,1386,distributed injection,88 - 98,137,aluminum r4,9.8 &#8211; 9.9,no,95,euro 4/5,~220 000,0w-20,Nissan,2002
1514,Engine Nissan CGA3DE,2000-2003,1348,distributed injection,85 - 89,120 - 123,aluminum r4,9.5,no,92,euro 2/3,~230 000,5w-30,Nissan,2000
1515,Engine Nissan CG13DE,1992-2003,1275,distributed injection,75 - 82,103 - 106,aluminum r4,9.5,no,92,euro 2/3,~220 000,5w-30,Nissan,1992
1516,Engine Renault H5Ft,2012-2019,1197,direct injection,114 - 132,190 - 205,aluminum r4,9.25 &#8211; 10,yes,petrol,euro 5/6,~250 000,"5w-30, 5w-40",Renault,2012
1517,Engine Nissan VE30DE,1991-1994,2960,distributed injection,190,258,cast iron v6,10,no,92,euro 2,~350 000,5w-30,Nissan,1991
1518,Engine Peugeot TUD5,1994-2003,1527,prechamber,58,95,cast iron r4,23,no,diesel,euro 1/2/3,~200 000,5w-40,Peugeot,1994
1519,Engine Renault H4D,since 2014,999,distributed injection,61 - 73,91 - 95,aluminum r3,10.5,no,petrol,euro 6,~250 000,5w-30,Renault,2014
1520,Engine Nissan CR12DE,2002-,1240,distributed injection,,,aluminum r4,,no,95,euro 4/5,~200 000,0w-20,Nissan,2002
1521,Engine Nissan CR10DE,2002-2004,997,distributed injection,68,96,aluminum r4,10.2,no,98,euro 4/5,~180 000,0w-20,Nissan,2002
1522,Engine Nissan GA13DE (GA13S/DS),1989-1999,1295,carburetor / injector,75 - 85,100 - 109,aluminum r4,9.5,no,92,euro 1/2,~300 000,"5w-30, 5w-40, 10w-30, 10w-40",Nissan,1989
1523,Engine Renault R9N,since 2018,1749,common rail,120 - 150,300 - 340,cast iron r4,15.2,vnt,diesel,euro 6d,~300 000,5w-30,Renault,2018
1524,Engine Renault M9R,since 2005,,common rail,,,cast iron r4,,yes,diesel,,~500 000,"5w-30, 5w-40",Renault,2005
1525,Engine Renault H5Ht,since 2017,1332,direct injection,115 - 163,220 - 270,aluminum r4,10.5,yes,petrol,euro 5/6,~300 000,"0w-40, 5w-40",Renault,2017
1526,Engine Nissan TB42,1987-1997,4169,carburetor or efi,170 - 175,320 - 325,cast iron r6,8.3 &#8211; 8.5,no,92,euro 1/2,~400 000,15w-40,Nissan,1987
1527,Engine Nissan TB48DE,2001-,4758,injector,245 - 250,400 - 420,cast iron r6,9,no,92,euro 3/4,~450 000,5w-40,Nissan,2001
1528,Engine Nissan TB45,1997-2002,4478,carburetor or efi,200,350,cast iron r6,8.5,no,92,euro 2/3,~420 000,10w-40,Nissan,1997
1529,Engine Peugeot DV5RD,since 2018,1499,common rail,100 - 102,250 - 270,aluminum r4,16.5,yes,diesel,euro 6,~290 000,5w-30,Peugeot,2018
1530,Engine Opel Z13DTH,2005-2010,1248,common rail,90,200,cast iron r4,17.6,vgt,diesel,euro 4,~330 000,5w-30,Opel,2005
1531,Engine Opel Y17DT,2000-2005,1686,direct injection,75,165,cast iron r4,18.4,mitsubishi td025,diesel,euro 3,~400 000,5w-40,Opel,2000
1532,Engine Opel Z13DTJ,2005-2010,1248,common rail,75,170,cast iron r4,18,yes,diesel,euro 4,~350 000,5w-30,Opel,2005
1533,Engine Opel X20DTL,1996-2000,1995,direct injection,82,185,cast iron r4,18.5,yes,diesel,euro 2,~350 000,5w-40,Opel,1996
1534,Engine Opel X20DTH,1997-2000,1995,direct injection,100,205,cast iron r4,18.5,yes,diesel,euro 2,~330 000,5w-40,Opel,1997
1535,Engine Peugeot DV5TED4,since 2018,1499,common rail,120,300,aluminum r4,16.5,yes,diesel,euro 6,~270 000,5w-30,Peugeot,2018
1536,Engine Opel A17DTJ,2009-2011,1686,common rail,110,260,cast iron r4,18,vgt,diesel,euro 5,~350 000,5w-30,Opel,2009
1537,Engine Opel A17DTR,2009-2012,1686,common rail,125,280,cast iron r4,18.1,vgt,diesel,euro 5,~340 000,5w-30,Opel,2009
1538,Engine BMW M67D40,1999-2005,3901,common rail,,,cast iron v8,18,biturbo,diesel,euro 3,~350 000,5w-30,BMW,1999
1539,Engine Peugeot DW8,1997-2007,1868,vortex chamber,69,125,cast iron r4,23,no,diesel,euro 2/3,~400 000,5w-40,Peugeot,1997
1540,Engine Suzuki 10JBAX,2007-2009,1560,common rail,90,215,aluminum r4,18.3,mhi td025,diesel,euro 3,~280 000,5w-30,Suzuki,2007
1541,Engine Peugeot DV6FDTED,since 2014,1560,common rail,100,254,aluminum r4,17,mhi td02l,diesel,euro 5/6,~240 000,5w-30,Peugeot,2014
1542,Engine Peugeot ET3J4,2004-2010,1360,injector,88,133,aluminum r4,11,no,petrol,euro 4/5,~220 000,5w-40,Peugeot,2004
1543,Engine Peugeot XU10J2,1992-1998,1998,injector,121,170,cast iron r4,9.5,no,petrol,euro 1/2,~280 000,5w-40,Peugeot,1992
1544,Engine Peugeot DV5RC,since 2017,1499,common rail,130,300,aluminum r4,16.5,yes,diesel,euro 6,~250 000,5w-30,Peugeot,2017
1545,Engine Peugeot DV6ATED4,2004-2011,1560,common rail,90,215,aluminum r4,18,mitsubishi td025,diesel,euro 3/4,~400 000,"5w-30, 5w-40",Peugeot,2004
1546,Engine Peugeot XUD11A,1990-1997,2138,prechambers,82,145,cast iron r4,22.5,no,diesel,euro 1,~500 000,5w-40,Peugeot,1990
1547,Engine Porsche MCR.CC,2011-2013,2967,common rail,250,550,cast iron v6,16.8,garrett gtb2260vzk,diesel,euro 5,~350 000,5w-30,Porsche,2011
1548,Engine Porsche MCU.DB,2012-2014,4134,common rail,382,850,cast iron v8,16.5,gtb1749vk + gtb1749vz,diesel,euro 5,~300 000,5w-30,Porsche,2012
1549,Engine Audi BMK,2004-2007,2967,common rail,224,450,cast iron v6,17,vgt,diesel,euro 4,~340 000,5w-30,Audi,2004
1550,Engine Volkswagen BKS,2004-2007,2967,common rail,224,500,cast iron v6,17,vgt,diesel,euro 4,~330 000,5w-30,Volkswagen,2004
1551,Engine Audi BUG,2005-2007,2967,common rail,233,500,cast iron v6,17,vgt,diesel,euro 4,~360 000,5w-30,Audi,2005
1552,Engine Audi CCWA,2007-2012,2967,common rail,240,500,cast iron v6,17,vgt,diesel,euro 5,~350 000,5w-30,Audi,2007
1553,Engine Volkswagen CJMA,2010-2018,2967,common rail,204,450,cast iron v6,16.8,gt 2256,diesel,euro 5,~360 000,5w-30,Volkswagen,2010
1554,Engine Audi CRTC,2015-2018,2967,common rail,272,600,cast iron v6,16,gtd 2060 vz,diesel,euro 6,~340 000,5w-30,Audi,2015
1555,Engine Audi CVMD,since 2015,2967,common rail,249,600,cast iron v6,16,gtd 2060 vz,diesel,euro 6,~350 000,5w-30,Audi,2015
1556,Engine Audi DCPC,since 2017,2967,common rail,286,620,cast iron v6,16,vgt,diesel,euro 6,~330 000,5w-30,Audi,2017
1557,Engine Renault H4Bt,since 2012,898,distributed injection,90 - 93,135 - 140,aluminum r3,9.5,yes,petrol,euro 5/6,~200 000,"5w-30, 5w-40",Renault,2012
1558,Engine Renault H4Dt,since 2018,999,distributed injection,100,160,aluminum r3,9.5,yes,petrol,euro 6,~250 000,5w-30,Renault,2018
1559,Engine Renault D4Ft,2007-2013,1149,injector,100 - 103,145 - 155,cast iron r4,9.5,yes,petrol,euro 4/5,~300 000,"5w-30, 5w-40",Renault,2007
1560,Engine Renault M5Mt,2013-2018,1618,direct injection,,,aluminum r4,9.5,yes,petrol,euro 5/6,~300 000,"5w-30, 5w-40",Renault,2013
1561,Engine Renault M5Pt,since 2011,1798,direct injection,,,aluminum r4,9,yes,petrol,euro 6,~250 000,5w-30,Renault,2011
1562,Engine Renault L7X,since 1997,2946,injector,,,aluminum v6,,no,petrol,euro 3/4,~300 000,,Renault,1997
1563,Engine Renault P9X,2002-2010,2958,common rail,,,aluminum v6,18.5,yes,diesel,,~250 000,"5w-30, 5w-40",Renault,2002
1564,Engine Saab D308L,2001-2005,2958,common rail,177,350,aluminum v6,18,garrett gt2559v,diesel,euro 3,~250 000,5w-40,Saab,2001
1565,Engine Renault J8S,1979-1997,2068,prechambers,,,aluminum r4,21 &#8211; 21.5,,diesel,euro 0,~500 000,"10w-40, 15w-40",Renault,1979
1566,Engine Renault G9T,1999-2008,2188,common rail,,,cast iron r4,,garret gt1852v,diesel,euro 3/4,~300 000,"5w-30, 5w-40",Renault,1999
1567,Engine Renault H4Jt,2009-2016,1397,injector,130,190,aluminum r4,9.1,yes,petrol,euro 5,~200 000,5w-30,Renault,2009
1568,Engine Renault G9U,1999-2014,2463,common rail,100 - 145,260 - 320,cast iron r4,17.1 &#8211; 17.8,garrett gt1752v,diesel,euro 3/4,~400 000,"5w-30, 5w-40",Renault,1999
1569,Engine Peugeot XUD11ATE,1989-2000,2088,prechambers,110,250,cast iron r4,21.5,yes,diesel,euro 1,~450 000,5w-40,Peugeot,1989
1570,Engine Volvo B5254S,1991-1999,2435,injector,165 - 170,210 - 220,aluminum r5,10.3 &#8211; 10.5,no,petrol,euro 2,~400 000,5w-40,Volvo,1991
1571,Engine Peugeot XUD9,1982-2005,1905,prechambers,59 - 71,114 - 120,cast iron r4,23.0 &#8211; 23.5,no,diesel,euro 1/2,~500 000,5w-40,Peugeot,1982
1572,Engine Opel Y22DTR,2000-2005,2171,direct injection,120 - 125,270 - 280,cast iron r4,18.5,vgt,diesel,euro 3,~350 000,5w-40,Opel,2000
1573,Engine Opel X17DTL,1994-2000,1700,vortex chamber,68,132,cast iron r4,22,yes,diesel,euro 2,~300 000,5w-40,Opel,1994
1574,Engine Volkswagen CLCA,2009-2018,1968,common rail,110,250,cast iron r4,16.5,borgwarner bv40,diesel,euro 4/5,~400 000,5w-30,Volkswagen,2009
1575,Engine Volkswagen AVB,2000-2005,1896,unit-injectors,101,250,cast iron r4,19.5,yes,diesel,euro 3,~350 000,5w-40,Volkswagen,2000
1576,Engine Volkswagen BMP,2005-2010,1968,unit-injectors,140,320,cast iron r4,18,vgt,diesel,euro 4,~280 000,5w-30,Volkswagen,2005
1577,Engine Volkswagen CLJA,2010-2017,1968,common rail,140,320,cast iron r4,16.5,vgt,diesel,euro 5,~350 000,5w-30,Volkswagen,2010
1578,Engine Volkswagen DCXA,since 2014,1598,common rail,120,250,cast iron r4,16.2,borgwarner b01v,diesel,euro 6,~300 000,5w-30,Volkswagen,2014
1579,Engine Volkswagen CRLB,since 2012,1968,common rail,150,340,cast iron r4,16.2,mahle bm70b,diesel,euro 5/6,~320 000,5w-30,Volkswagen,2012
1580,Engine Audi AYM,2001-2003,2496,direct injection,155,310,cast iron v6,19.5,vgt,diesel,euro 3,~270 000,5w-30,Audi,2001
1581,Engine Audi BDG,2003-2008,2496,direct injection,163,350,cast iron v6,18.5,vgt,diesel,euro 4,~320 000,5w-30,Audi,2003
1582,Engine Suzuki R06A,since 2011,658,injector,,,aluminum r3,,,petrol,euro 5/6,~250 000,0w-20,Suzuki,2011
1583,Engine Suzuki K12B,2008-2020,1242,distributed injection,,,aluminum r4,,no,petrol,euro 4/5,~280 000,5w-30,Suzuki,2008
1584,Engine Suzuki K14C,since 2015,1373,direct injection,135 - 140,210 - 230,aluminum r4,9.9,mhi td02l11-025 (there are versions with ihi turbine),petrol,euro 5/6,~250 000,5w-30,Suzuki,2015
1585,Engine Suzuki M15A,2000-2014,1490,distributed injection,99 - 111,133 - 142,aluminum r4,9.5 &#8211; 11.0,no,petrol,euro 3/4,~350 000,"5w-30, 5w-40",Suzuki,2000
1586,Engine Suzuki K14B,since 2010,1372,distributed injection,92 - 101,120 - 130,aluminum r4,10.0 &#8211; 11.0,no,petrol,euro 5,~300 000,5w-30,Suzuki,2010
1587,Engine Suzuki M13A,1999-2018,1328,distributed injection,82 - 94,110 - 118,aluminum r4,9.5,no,petrol,euro 3/4,~350 000,"5w-30, 5w-40",Suzuki,1999
1588,Engine Suzuki M16A,since 2001,1586,distributed injection,102 - 136,144 - 160,aluminum r4,9.7 &#8211; 11.1,no,petrol,euro 4/5,~400 000,"5w-30, 5w-40",Suzuki,2001
1589,Engine Suzuki K10B,2008-2020,998,distributed injection,68,90,aluminum r3,10.0-11.0,no,petrol,euro 4/5,~250 000,5w-30,Suzuki,2008
1590,Engine Suzuki K10A,1997-2006,996,injector,,,aluminum r4,,,petrol,euro 2/3,~300 000,5w-30,Suzuki,1997
1591,Engine Suzuki K15B,since 2018,1462,distributed injection,102 - 106,130 - 138,aluminum r4,10 &#8211; 10.5,no,petrol,euro 5/6,~300 000,5w-30,Suzuki,2018
1592,Engine Toyota 22R,1981-1997,2366,carburetor,95 - 110,175 - 190,cast iron r4,9,no,92,euro 0,~400 000,5w-30,Toyota,1981
1593,Engine Toyota 22R-E,1982-1997,2366,injector,105 - 115,185 - 190,cast iron r4,9.3,no,92,euro 2,~420 000,5w-30,Toyota,1982
1594,Engine Toyota 22R-TE,1985-1988,2366,injector,137,234,cast iron r4,7.5,yes,92,euro 2,~420 000,5w-30,Toyota,1985
1595,Engine Toyota 8NR-FTS,since 2015,1197,direct injection d-4t,115,185,aluminum r4,10,yes,98,euro 5/6,~200 000,0w-20,Toyota,2015
1596,Engine Toyota 1CD-FTV,1999-2007,1995,common rail,90 - 116,215 - 280,cast iron r4,17.8 &#8211; 18.6,yes,diesel,euro 4,~300 000,"5w-30, 5w-40",Toyota,1999
1597,Engine Toyota 3SZ-VE,since 2005,1495,mpi,105 - 110,135 - 145,cast iron r4,10,no,92,euro 3/4,~250 000,5w-30,Toyota,2005
1598,Engine Toyota 2SZ-FE,1999-2016,1297,mpi,82 - 88,115 - 125,cast iron r4,11,no,92,euro 3/4,~250 000,5w-30,Toyota,1999
1599,Engine Toyota 5E-FE,1990-2003,1497,injector,90 - 105,125 - 135,cast iron r4,9.4 &#8211; 9.8,no,92,euro 2,~300 000,"5w-30, 5w-40",Toyota,1990
1600,Engine Toyota 3C,1992-2007,2184,prechamber,,,cast iron r4,,,diesel,euro 2,~260 000,5w-40,Toyota,1992
1601,Engine Toyota 2E,1984-1999,1295,carburetor,65 - 82,89 - 98,cast iron r4,9.5,no,92,euro 0,~220 000,5w-30,Toyota,1984
1602,Engine Toyota 2E-E,1986-1992,1295,injector,75 - 85,95 - 105,cast iron r4,9.5,no,92,euro 2,~250 000,5w-30,Toyota,1986
1603,Engine Toyota 4E-FE,1989-2001,1331,injector,80 - 100,110 - 125,cast iron r4,9.6,no,92,euro 2,~300 000,5w-30,Toyota,1989
1604,Engine Toyota 3E-E,1986-1994,1456,injector,80 - 90,115 - 125,cast iron r4,9.3,no,92,euro 2,~240 000,5w-30,Toyota,1986
1605,Engine Toyota 5M-EU,1979-1989,2759,injector,120 - 145,200 - 230,cast iron r6,8.8 &#8211; 9.0,no,92,euro 2,~320 000,5w-30,Toyota,1979
1606,Engine Toyota 5M-GE,1981-1988,2759,injector,145 - 175,210 - 240,cast iron r6,8.8 &#8211; 9.2,no,92,euro 2,~330 000,5w-30,Toyota,1981
1607,Engine Toyota 2TZ-FZE,1994-1999,2438,mpi,158,258,cast iron r4,8.9,supercharger,92,euro 1/2,~200 000,5w-30,Toyota,1994
1608,Engine Toyota 2GD-FTV,since 2015,2393,common rail denso,150,360 - 400,cast iron r4,15.6,vgt or vnt,diesel,euro 4/5/6,~250 000,0w-30,Toyota,2015
1609,Engine Toyota 1NR-FKE,since 2014,1329,injector mpi,99,121,aluminum r4,13.5,no,98,euro 5,~200 000,0w-20,Toyota,2014
1610,Engine Toyota 7M-GTE,1986-1992,2954,injector,235,344,cast iron r6,8.4,ct26,92,euro 2,~250 000,5w-30,Toyota,1986
1611,Engine Toyota 3E-TE,1986-1990,1456,injector,115,172,cast iron r4,8,yes,92,euro 2,~210 000,5w-30,Toyota,1986
1612,Engine Toyota 3NR-FE,since 2011,1197,injector mpi,,,aluminum r4,,no,,,~200 000,5w-30,Toyota,2011
1613,Engine Volkswagen AEY,1995-2000,1896,direct injection,64,125,cast iron r4,19.5,no,diesel,euro 2,~500 000,5w-40,Volkswagen,1995
1614,Engine Volkswagen AHD,1996-1999,2461,direct injection,102,250,cast iron r5,19.5,borgwarner k14,diesel,euro 2,~450 000,5w-40,Volkswagen,1996
1615,Engine Volkswagen AKU,1997-2005,1716,direct injection,60,115,cast iron r4,19.5,no,diesel,euro 2/3,~400 000,5w-40,Volkswagen,1997
1616,Engine Volkswagen DBGC,since 2016,1968,common rail,150,340,cast iron r4,16.2,mahle bm70b,diesel,euro 5,~330 000,5w-30,Volkswagen,2016
1617,Engine Volkswagen DFGA,since 2016,1968,common rail,150,340,cast iron r4,16.2,mahle bm70b,diesel,euro 6,~310 000,5w-30,Volkswagen,2016
1618,Engine Volkswagen ABL,1992-2003,1896,prechambers,68,140,cast iron r4,22.5,yes,diesel,euro 1/2,~475 000,5w-30,Volkswagen,1992
1619,Engine Volvo D4204T14,since 2014,1969,common rail,190,400,aluminum r4,15.8,twin turbochargers,diesel,euro 5/6,~275 000,0w-20,Volvo,2014
1620,Engine Volvo B5252S,1994-1999,2435,injector,144,206,aluminum r5,10,no,petrol,euro 2,~400 000,5w-40,Volvo,1994
1621,Engine Volvo B5254T,1995-1999,2435,injector,193,270,aluminum r5,9,mhi td04hl,petrol,euro 2,~280 000,5w-30,Volvo,1995
1622,Engine Volvo B5254T2,2002-2012,2522,injector,210,320,aluminum r5,9,mhi td04l-14t,petrol,euro 4,~300 000,5w-30,Volvo,2002
1623,Engine Volvo B6294S,1998-2001,2922,injector,204,280,aluminum r6,10.5,no,petrol,euro 3,~330 000,5w-30,Volvo,1998
1624,Engine Volvo D5244T15,2010-2016,2400,common rail,215,440,aluminum r5,16.5,twin-turbo,diesel,euro 5,~330 000,0w-30,Volvo,2010
1625,Engine Volvo D4164T,2005-2010,1560,common rail,109,240,aluminum r4,18.3,garrett gt1544v,diesel,euro 4,~300 000,5w-30,Volvo,2005
1626,Engine Volkswagen CAAC,2009-2019,1968,common rail,140,340,cast iron r4,16.5,vgt,diesel,euro 4/5,~350 000,5w-30,Volkswagen,2009
1627,Engine Volkswagen CFCA,2009-2019,1968,common rail,180,400,cast iron r4,16.5,bi-turbo,diesel,euro 5,~300 000,5w-30,Volkswagen,2009
1628,Engine Volvo D5244T,2001-2006,2401,common rail,163,340,aluminum r5,18,vgt,diesel,euro 3,~400 000,0w-30,Volvo,2001
1629,Engine Volvo D5204T,2009-2013,1984,common rail,177,400,aluminum r5,16.5,garrett gtc1446vz,diesel,euro 5,~300 000,0w-30,Volvo,2009
1630,Engine Volkswagen CRMB,since 2012,1968,common rail,150,320,cast iron r4,16.2,mahle bm70b,diesel,euro 5/6,~330 000,5w-30,Volkswagen,2012
1631,Engine Audi DETA,since 2015,1968,common rail,190,400,cast iron r4,15.5,borgwarner bv43d,diesel,euro 5/6,~300 000,5w-30,Audi,2015
1632,Engine Volkswagen BJK,2006-2010,2461,common rail,109,280,cast iron r5,16.8,mhi td04l,diesel,euro 3/4,~300 000,5w-30,Volkswagen,2006
1633,Engine BMW M57D25,2000-2007,2497,common rail,,,cast iron r6,,,diesel,euro 2/3,~400 000,"5w-30, 5w-40",BMW,2000
1634,Engine BMW M67D44,2005-2008,4423,common rail,,,cast iron v8,17,biturbo,diesel,euro 4,~350 000,5w-30,BMW,2005
1635,Engine Toyota 4E-FTE,1990-1999,1331,injector,135,157,cast iron r4,8.2,ct9,92,euro 2,~200 000,5w-30,Toyota,1990
1636,Engine Toyota 1KR-DE,since 2012,996,injector mpi,65 - 66,85 - 90,aluminum r3,10.5 &#8211; 11,no,92,euro 3/4,~200 000,5w-30,Toyota,2012
1637,Engine Toyota 1KR-VE,since 2016,996,injector mpi,67,91,aluminum r3,11.5,no,95,euro 4/5,~200 000,5w-20,Toyota,2016
1638,Engine Toyota 1NR-VE,since 2015,1329,injector mpi,90 - 95,115 - 120,aluminum r4,11.5,no,92,euro 4/5,~200 000,5w-20,Toyota,2015
1639,Engine Toyota 2NR-VE,since 2015,1496,injector mpi,104,136,aluminum r4,10.5 &#8211; 11.5,no,95,euro 3/4/5,~200 000,5w-20,Toyota,2015
1640,Engine Renault F8M,1982-1994,1595,prechambers,54 - 56,98 - 102,cast iron r4,22.5,no,diesel,euro 0,~400 000,"10w-40, 15w-40",Renault,1982
1641,Engine Hyundai G4CR,1990-1995,1596,injector,105 - 115,130 - 140,cast iron r4,9.2,no,92,euro 1/2,~250 000,15w-40,Hyundai,1990
1642,Engine Hyundai G8AA,1999-2003,4498,direct injection,260,380,aluminum v8,10.7,no,98,euro 4,~300 000,5w-30,Hyundai,1999
1643,Engine Hyundai G8AB,2003-2008,4498,distributed injection,270,375,aluminum v8,10,no,95,euro 4,~350 000,5w-30,Hyundai,2003
1644,Engine Mitsubishi 4G53,1975-1998,2384,carburetor,110,200,cast iron r4,8,no,92,euro 0,~400 000,5w-40,Mitsubishi,1975
1645,Engine Hyundai D3EA,2001-2005,1493,common rail,82,187 - 191,cast iron r3,17.7,garrett gt1544v,diesel,euro 3,~200 000,5w-40,Hyundai,2001
1646,Engine Volvo B6284T,1998-2001,2783,injector,272,380,aluminum r6,8.5,twin-turbocharged,petrol,euro 3,~240 000,5w-30,Volvo,1998
1647,Engine Volkswagen AXB,1992-2003,1896,unit-injectors,105,250,cast iron r4,18.5,yes,diesel,euro 3/4,~330 000,5w-40,Volkswagen,1992
1648,Engine Volkswagen AXC,2003-2009,1896,unit-injectors,86,200,cast iron r4,18.5,yes,diesel,euro 3/4,~350 000,5w-40,Volkswagen,2003
1649,Engine Audi AKF,2000-2002,3328,common rail,224,480,cast iron v8,18,garrett gta1749v,diesel,euro 3,~250 000,5w-40,Audi,2000
1650,Engine Audi ASE,2003-2005,3936,common rail,275,650,cast iron v8,17.5,garrett gta1749vk,diesel,euro 4,~260 000,5w-30,Audi,2003
1651,Engine Audi BTR,2007-2009,4134,common rail,326,760,cast iron v8,16.4,garrett gtb1749lvk,diesel,euro 4,~350 000,5w-30,Audi,2007
1652,Engine Volkswagen CKDA,2010-2015,4134,common rail,340,800,cast iron v8,16.4,garrett gtb1749vz,diesel,euro 5,~360 000,5w-30,Volkswagen,2010
1653,Engine Suzuki D13AA,2003-2017,1248,common rail,,,cast iron r4,,borgwarner kp35,diesel,,~250 000,5w-40,Suzuki,2003
1654,Engine Fiat 198A5000,2008-2014,1956,common rail,165,360,cast iron r4,16.5,garrett gtb1549v,diesel,euro 5,~270 000,5w-30,Fiat,2008
1655,Engine Volkswagen AYH,2002-2006,4921,unit-injectors,313,750,aluminum v10,18.5,biturbo,diesel,euro 3,~250 000,5w-30,Volkswagen,2002
1656,Engine Audi AEL,1994-1997,2460,direct injection,140,290,cast iron r5,20.5,yes,diesel,euro 2,~450 000,5w-40,Audi,1994
1657,Engine Volkswagen BDH,2004-2006,2496,direct injection,180,370,cast iron v6,18.5,vgt,diesel,euro 4,~320 000,5w-30,Volkswagen,2004
1658,Engine Volkswagen BKP,2005-2008,1968,unit injectors,140,320,cast iron r4,18.5,vgt,diesel,euro 4,~275 000,5w-30,Volkswagen,2005
1659,Engine Volkswagen BMR,2005-2008,1968,unit injectors,170,350,cast iron r4,18.5,vgt,diesel,euro 4,~270 000,5w-30,Volkswagen,2005
1660,Engine Audi BPW,2004-2009,1968,unit-injectors,140,320,cast iron r4,18,vgt,diesel,euro 4,~300 000,5w-30,Audi,2004
1661,Engine Volkswagen BRT,2005-2010,1968,unit-injectors,140,310,cast iron r4,18,vgt,diesel,euro 4,~300 000,5w-30,Volkswagen,2005
1662,Engine Audi AKE,1999-2005,2496,direct injection,180,370,cast iron v6,19.5,vgt,diesel,euro 3,~240 000,5w-30,Audi,1999
1663,Engine Volkswagen AKN,1999-2003,2496,direct injection,150,310,cast iron v6,19.5,vgt,diesel,euro 3,~260 000,5w-30,Volkswagen,1999
1664,Engine Audi BAU,2003-2005,2496,direct injection,180,370,cast iron v6,18.5,vgt,diesel,euro 3,~300 000,5w-30,Audi,2003
1665,Engine BMW N74B60,since 2009,5972,direct injection,544,750,aluminum v12,10,twin-turbo,98,euro 5/6,~300 000,5w-30,BMW,2009
1666,Engine BMW N73B68,2003-2017,6749,direct injection,460,720,aluminum v12,11,no,98,euro 4/5,~330 000,5w-40,BMW,2003
1667,Engine Hyundai-Kia G8BA,2008-2013,4627,distributed injection,340 - 390,435 - 455,aluminum v8,10.4,no,95,euro 5,~350 000,5w-30,Hyundai-Kia,2008
1668,Engine Peugeot DV6TED4,2004-2011,1560,common rail,109,240 - 260,aluminum r4,18,garrett gt1544v,diesel,euro 3/4,~400 000,"5w-30, 5w-40",Peugeot,2004
1669,Engine Peugeot DV6CTED,2009-2017,1560,common rail,112 - 115,240 - 270,aluminum r4,16,garrett gtc1244vz,diesel,euro 4/5,~500 000,"5w-30, 5w-40",Peugeot,2009
1670,Engine Peugeot DV6DTED,2009-2016,1560,common rail,92,230,aluminum r4,16,mitsubishi td02h2,diesel,euro 4/5,~500 000,"5w-30, 5w-40",Peugeot,2009
1671,Engine Peugeot XUD7,1982-2005,1769,prechambers,60,110,cast iron r4,23,no,diesel,euro 1,~400 000,5w-40,Peugeot,1982
1672,Engine Peugeot TUD3,1988-1994,1360,prechamber,50 - 53,82 - 84,aluminum r4,22.5,no,diesel,euro 0/1,~150 000,5w-40,Peugeot,1988
1673,Engine Peugeot DW10TD,1999-2006,1997,common rail,85 - 95,160 - 220,cast iron r4,18,yes,diesel,euro 3/4,~500 000,"5w-30, 5w-40",Peugeot,1999
1674,Engine Peugeot DW10ATED,1998-2004,1997,common rail,105 - 110,245 - 255,cast iron r4,17.6,yes,diesel,euro 3,~400 000,5w-40,Peugeot,1998
1675,Engine Peugeot DW10BTED4,2004-2015,1997,common rail,135 - 140,320 - 340,cast iron r4,17.6 &#8211; 18.0,vgt,diesel,euro 4/5,~375 000,5w-30,Peugeot,2004
1676,Engine Peugeot DW10DTED4,2009-2015,1997,common rail,150,320 - 340,cast iron r4,16,vgt,diesel,euro 5,~380 000,5w-30,Peugeot,2009
1677,Engine Peugeot EW7J4,2000-2008,1749,injector,117,160,aluminum r4,10.8,no,petrol,euro 3,~250 000,5w-40,Peugeot,2000
1678,Engine Peugeot EW7A,2006-2010,1749,injector,125,170,aluminum r4,11,no,petrol,euro 4,~300 000,5w-30,Peugeot,2006
1679,Engine Peugeot EW10J4,1999-2010,1997,injector,136,190,aluminum r4,10.8,no,petrol,euro 3,~300 000,5w-40,Peugeot,1999
1680,Engine Peugeot EW12J4,1999-2009,2231,injector,158 - 163,215 - 220,aluminum r4,10.8 &#8211; 11.0,no,petrol,euro 3/4,~275 000,5w-40,Peugeot,1999
1681,Engine Suzuki D20AA,2009-2014,1956,common rail,135,320,cast iron r4,16.5,borgwarner kp39,diesel,euro 5,~250 000,5w-30,Suzuki,2009
1682,Engine Peugeot XUD9SD,1995-2007,1905,prechamber,63 - 75,130 - 140,cast iron r4,21.5 &#8211; 22.0,yes,diesel,euro 1/2,~450 000,5w-40,Peugeot,1995
1683,Engine Peugeot XUD9TE,1992-2000,1905,prechamber,90 - 92,190 - 196,cast iron r4,21.8,turbine kkk,diesel,euro 1/2,~400 000,5w-40,Peugeot,1992
1684,Engine Hyundai-Kia G6DP,since 2015,3342,direct injection,365 - 375,510 - 515,aluminum v6,10,two garrett gt14s,98,euro 5/6,~280 000,5w-30,Hyundai-Kia,2015
1685,Engine Hyundai-Genesis G6DS,since 2020,3470,gdi + mpi,380,530,aluminum v6,11,yes,95,euro 5/6,~250 000,0w-30,Hyundai-Genesis,2020
1686,Engine Hyundai-Kia G6DJ,since 2011,3778,direct injection,311 - 353,395 - 400,aluminum v6,11.5,no,95,euro 5,~320 000,5w-30,Hyundai-Kia,2011
1687,Engine Hyundai-Kia G6DK,2008-2015,3778,distributed injection,290 - 316,358 - 361,aluminum v6,10.4,no,92,euro 4/5,~350 000,5w-30,Hyundai-Kia,2008
1688,Engine Hyundai-Kia G6DN,since 2018,3778,direct injection,290 - 295,355,aluminum v6,13,no,95,euro 5/6,~300 000,5w-30,Hyundai-Kia,2018
1689,Engine Hyundai D6JA,since 2020,2996,common rail,249 - 278,589,aluminum r6,16,yes,diesel,euro 6,~300 000,5w-30,Hyundai,2020
1690,Engine Hyundai G4KF,2008-2016,1998,distributed injection,,,aluminum r4,,,95,,~220 000,5w-30,Hyundai,2008
1691,Engine Hyundai-Kia D4HC,since 2017,2199,common rail,202,441,aluminum r4,16,garrett gtd1752vzlkm,diesel,euro 5,~300 000,5w-30,Hyundai-Kia,2017
1692,Engine Hyundai D4HF,since 2020,2151,common rail,210,441,aluminum r4,16,e-vgt,diesel,euro 5/6,~330 000,5w-30,Hyundai,2020
1693,Engine Hyundai-Kia G4KR,since 2020,2497,gdi + mpi,304,422,aluminum r4,10.5,yes,95,euro 5/6,~200 000,0w-30,Hyundai-Kia,2020
1694,Engine Hyundai-Kia G8BE,since 2011,5038,direct injection,415 - 435,505 - 520,aluminum v8,"11.5, 11.8, 12.0",no,98,euro 5/6,~300 000,5w-30,Hyundai-Kia,2011
1695,Engine Hyundai-Kia D6EA,2006-2011,2959,common rail,240 - 250,450 - 550,cast iron v6,17.3,borgwarner bv50,diesel,euro 3/4,~350 000,5w-40,Hyundai-Kia,2006
1696,Engine Peugeot DV6FCTED,since 2014,1560,common rail,120,300,aluminum r4,17,garrett gtd2355vz,diesel,euro 5/6,~220 000,5w-30,Peugeot,2014
1697,Engine Peugeot XU10J4R,1995-2005,1998,injector,132 - 136,180 - 190,cast iron r4,10.4 &#8211; 10.8,no,petrol,euro 2/3,~320 000,5w-40,Peugeot,1995
1698,Engine Peugeot DV4TD,2001-2009,1399,common rail,,,aluminum r4,17.9,borgwarner kp35,diesel,,~320 000,5w-30,Peugeot,2001
1699,Engine Peugeot DV4TED,2008-2010,1399,common rail,68,160,aluminum r4,17.9,borgwarner kp35,diesel,euro 4,~300 000,5w-30,Peugeot,2008
1700,Engine Peugeot DV4TED4,2002-2005,1399,common rail,90 - 92,200,aluminum r4,17.9,ihi rhf3v,diesel,euro 3,~250 000,5w-30,Peugeot,2002
1701,Engine Peugeot DV6FETED,since 2015,1560,common rail,75,230,aluminum r4,17,mhi td02l,diesel,euro 5/6,~250 000,5w-30,Peugeot,2015
1702,Engine Peugeot DV6ETED,2009-2015,1560,common rail,75,185,aluminum r4,16,mhi td02h2,diesel,euro 4/5,~300 000,5w-30,Peugeot,2009
1703,Engine Volvo B8444S,2005-2010,4414,injector,315,440,aluminum v8,10.4,no,petrol,euro 4,~500 000,5w-30,Volvo,2005
1704,Engine Volvo B6304S,1990-1999,2922,injector,204,267,aluminum r6,10.7,no,petrol,euro 2,~350 000,5w-40,Volvo,1990
1705,Engine Renault M9T,since 2010,2299,common rail,,,cast iron r4,15.1 &#8211; 16.0,yes,diesel,euro 4/5/6,~400 000,"5w-30, 5w-40",Renault,2010
1706,Engine Peugeot DV5RE,since 2018,1499,common rail,75,230,aluminum r4,16.5,yes,diesel,euro 6,~300 000,5w-30,Peugeot,2018
1707,Engine Suzuki 10FD53,2004-2006,1399,common rail,90,200,aluminum r4,17.9,ihi rhf3v,diesel,euro 3,~270 000,5w-30,Suzuki,2004
1708,Engine Suzuki D16AA,2013-2018,1598,common rail,120,320,cast iron r4,16.5,garrett gt1446z,diesel,euro 6,~250 000,5w-30,Suzuki,2013
1709,Engine Suzuki D19AA,2006-2009,1910,common rail,120,180,cast iron r4,18,garrett gt1749mv,diesel,euro 4,~300 000,5w-40,Suzuki,2006
1710,Engine Peugeot DV6BTED4,2005-2009,1560,common rail,75,175 - 185,aluminum r4,17.6 &#8211; 18.0,mitsubishi td025,diesel,euro 3,~400 000,"5w-30, 5w-40",Peugeot,2005
1711,Engine Peugeot TU3JP,1993-2006,1360,injector,75,118,aluminum r4,10.5,no,petrol,euro 3/4,~200 000,5w-40,Peugeot,1993
1712,Engine Peugeot EC5,since 2010,1587,distributed injection,115,150,cast iron r4,10.8,no,petrol,euro 4/5,~400 000,"5w-30, 5w-40",Peugeot,2010
1713,Engine Peugeot EC8,since 2012,1813,injector,135 - 140,170 - 175,cast iron r4,10.8 &#8211; 11.0,no,petrol,euro 5,~320 000,5w-30,Peugeot,2012
1714,Engine Peugeot TU5JP4,2000-2015,1587,injector,90 - 110,130 - 150,cast iron r4,10.8 &#8211; 11.0,no,petrol,euro 3/4,~300 000,"5w-30, 5w-40",Peugeot,2000
1715,Engine Peugeot XU5JP,1993-1999,1580,injector,88,128,aluminum r4,9.25,no,petrol,euro 1/2,~220 000,5w-40,Peugeot,1993
1716,Engine Peugeot XU7JP,1992-2002,1761,injector,90 - 100,150 - 155,aluminum r4,9.2-9.5,no,petrol,euro 1/2,~250 000,5w-40,Peugeot,1992
1717,Engine Peugeot XU7JP4,1996-2002,1761,injector,110,158,aluminum r4,10.4,no,petrol,euro 2,~300 000,5w-40,Peugeot,1996
1718,Engine Peugeot TU3K,1986-1992,1360,carburetor,65 - 70,110 - 115,aluminum r4,9.3,no,petrol,euro 0,~180 000,5w-40,Peugeot,1986
1719,Engine Suzuki M18A,2001-2007,1796,injector,125,170,aluminum r4,9.6,no,petrol,euro 3,~350 000,5w-30,Suzuki,2001
1720,Engine Toyota 2E-TE,1986-1989,1295,injector,100 - 110,150 - 160,cast iron r4,8,yes,92,euro 2,~200 000,5w-30,Toyota,1986
1721,Engine Volkswagen AAB,1990-1998,2370,prechambers,78,164,cast iron r5,23,no,diesel,euro 1,~400 000,5w-40,Volkswagen,1990
1722,Engine Volvo B6294T,2001-2006,2922,injector,272,380,aluminum r6,8.5,twin-turbocharged,petrol,euro 4,~250 000,5w-30,Volvo,2001
1723,Engine Hyundai G8BB,2009-2011,5038,distributed injection,400,500,aluminum v8,10.4,no,95,euro 5,~360 000,5w-30,Hyundai,2009
1724,Engine Volkswagen AJT,1998-2003,2460,direct injection,88,195,cast iron r5,19.5,yes,diesel,euro 2/3,~450 000,5w-40,Volkswagen,1998
1725,Engine Volkswagen ACV,1995-2003,2460,direct injection,102,250,cast iron r5,19.5,yes,diesel,euro 2/3,~500 000,5w-40,Volkswagen,1995
1726,Engine Volkswagen AXG,1998-2003,2460,direct injection,151,295,cast iron r5,19.5,vgt,diesel,euro 2/3,~400 000,5w-40,Volkswagen,1998
1727,Engine Volkswagen BAC,2003-2006,2460,unit-injectors,174,400,aluminum r5,18,yes,diesel,euro 3/4,~300 000,5w-30,Volkswagen,2003
1728,Engine Volkswagen BPE,2006-2009,2460,unit-injectors,174,400,aluminum r5,18,vgt,diesel,euro 4,~350 000,5w-30,Volkswagen,2006
1729,Engine Volkswagen AXD,2003-2009,2460,unit-injectors,131,340,aluminum r5,18,yes,diesel,euro 3,~350 000,5w-40,Volkswagen,2003
1730,Engine Volkswagen AXE,2003-2009,2460,unit-injectors,174,400,aluminum r5,18,vgt,diesel,euro 3,~350 000,5w-40,Volkswagen,2003
1731,Engine Volkswagen AJS,2002-2006,4921,unit-injectors,313,750,aluminum v10,18,biturbo,diesel,euro 3,~260 000,5w-30,Volkswagen,2002
1732,Engine BMW N74B66,since 2010,6592,direct injection,,,aluminum v12,10,twin-turbo,98,euro 5/6,~320 000,5w-30,BMW,2010
1733,Engine BMW N74B68,since 2018,6749,direct injection,563 - 571,850 - 900,aluminum v12,10,twin-turbo,98,euro 6,~330 000,5w-30,BMW,2018
1734,Engine BMW N73B60,2002-2008,5972,direct injection,445,600,aluminum v12,11.3,no,98,euro 4,~320 000,5w-40,BMW,2002
1735,Engine Peugeot TU3A,2005-2012,1360,injector,73,118,aluminum r4,10.2,no,petrol,euro 4/5,~250 000,5w-40,Peugeot,2005
1736,Engine Peugeot TU1JP,2001-2013,1124,injector,60,94,aluminum r4,10.2,no,petrol,euro 3/4/5,~190 000,5w-40,Peugeot,2001
1737,Engine Peugeot TU5JP,1993-2001,1587,injector,88 - 95,135 - 140,cast iron r4,9.6 &#8211; 10.2,no,petrol,euro 1/2,~300 000,5w-40,Peugeot,1993
